query_id	subject_id_prefixes
G-dilatatus_scaffold_119:126822-127054	P-tryoni-tryoni,P-sloanei,M-lithgowae,P-tryoni-tegminifera,N-hanni,P-gigantea,N-dahmsi,P-tryoni-tryoni-Eungella
G-dilatatus_scaffold_62:526570-526710	N-dahmsi
G-dilatatus_scaffold_12:6697131-6697295	P-sloanei
G-dilatatus_scaffold_158:767426-767483	P-tryoni-tryoni,M-lithgowae
G-dilatatus_scaffold_13:2676829-2676944	P-tryoni-tryoni-Eungella,P-tryoni-tryoni,M-lithgowae,P-sloanei,P-tryoni-tegminifera,P-gigantea,N-hanni
G-dilatatus_scaffold_165:819931-820036	M-lithgowae,P-tryoni-tryoni-Eungella
G-dilatatus_scaffold_93:1978306-1978432	P-tryoni-tegminifera,N-dahmsi,P-tryoni-tryoni-Eungella,P-gigantea,P-tryoni-tryoni,M-lithgowae
G-dilatatus_scaffold_24:7171394-7171519	P-tryoni-tryoni-Eungella,N-dahmsi
G-dilatatus_scaffold_6111:3964-4151	P-gigantea,N-hanni,P-tryoni-tryoni,M-lithgowae
G-dilatatus_scaffold_127:2875036-2875307	N-hanni,P-gigantea,P-lata,P-cribrata,P-tryoni-tegminifera
G-dilatatus_scaffold_418:215925-215988	P-sloanei
G-dilatatus_scaffold_33:2100185-2100271	P-gigantea,P-tryoni-tryoni,P-tryoni-tegminifera,P-tryoni-tryoni-Eungella,M-lithgowae
G-dilatatus_scaffold_13:7707749-7708014	P-tryoni-tryoni,P-tryoni-tegminifera,N-dahmsi,P-sloanei,N-hanni,P-tryoni-tryoni-Eungella,M-lithgowae,P-gigantea
G-dilatatus_scaffold_30:8466072-8466202	P-sloanei,N-hanni,M-lithgowae,P-tryoni-tryoni-Eungella
G-dilatatus_scaffold_55564:299-437	P-tryoni-tryoni-Eungella,P-tryoni-tryoni,P-tryoni-tegminifera,P-gigantea,M-lithgowae,N-dahmsi
G-dilatatus_scaffold_55551:1805-1859	N-hanni,P-tryoni-tryoni-Eungella,P-tryoni-tegminifera,P-gigantea,P-lata
G-dilatatus_scaffold_15166:1438-1583	P-tryoni-tryoni,P-tryoni-tegminifera,P-gigantea,N-hanni,M-lithgowae
G-dilatatus_scaffold_21246:1561-1731	P-sloanei,N-hanni,P-tryoni-tryoni-Eungella,N-dahmsi
G-dilatatus_scaffold_9:11711731-11711787	P-tryoni-tegminifera,M-lithgowae,P-gigantea
G-dilatatus_scaffold_7:4004041-4004189	N-hanni,M-lithgowae,P-sloanei
G-dilatatus_scaffold_25:1829179-1829572	N-hanni
G-dilatatus_scaffold_28:3698382-3698662	M-lithgowae
G-dilatatus_scaffold_150:1279108-1279268	P-sloanei,P-tryoni-tryoni,P-gigantea,P-tryoni-tryoni-Eungella,N-hanni
G-dilatatus_scaffold_89:3789822-3790025	N-dahmsi,P-tryoni-tegminifera
G-dilatatus_scaffold_16465:475-563	N-dahmsi,P-tryoni-tryoni-Eungella,P-gigantea
G-dilatatus_scaffold_76:402349-402515	N-dahmsi,P-tryoni-tryoni,M-lithgowae,P-tryoni-tegminifera,N-hanni,P-sloanei,P-tryoni-tryoni-Eungella
G-dilatatus_scaffold_111:1630127-1630334	P-cribrata
G-dilatatus_scaffold_38:3192862-3192977	N-dahmsi,P-sloanei,P-tryoni-tryoni,P-tryoni-tryoni-Eungella,M-lithgowae,D-punctata
G-dilatatus_scaffold_116:538105-538351	N-hanni,P-tryoni-tegminifera,P-tryoni-tryoni,P-tryoni-tryoni-Eungella,N-dahmsi
G-dilatatus_scaffold_220:1053301-1053351	P-tryoni-tryoni,P-tryoni-tryoni-Eungella,P-sloanei,M-lithgowae,P-tryoni-tegminifera
G-dilatatus_scaffold_58:1732466-1732597	P-tryoni-tegminifera
G-dilatatus_scaffold_45:3720993-3721136	N-dahmsi,P-tryoni-tryoni,P-sloanei,P-tryoni-tryoni-Eungella,P-tryoni-tegminifera,P-gigantea
G-dilatatus_scaffold_23:6273944-6274373	P-tryoni-tegminifera,N-hanni,P-tryoni-tryoni-Eungella,P-gigantea
G-dilatatus_scaffold_162:71116-71197	P-tryoni-tryoni,P-sloanei
G-dilatatus_scaffold_56:1549085-1549151	P-gigantea,N-hanni,P-cribrata,P-tryoni-tegminifera,P-tryoni-tryoni,P-tryoni-tryoni-Eungella,P-sloanei,M-lithgowae,N-dahmsi
G-dilatatus_scaffold_174:738936-739361	P-tryoni-tegminifera,P-sloanei,N-hanni,P-tryoni-tryoni-Eungella,P-gigantea,M-lithgowae
G-dilatatus_scaffold_9125:2422-2530	P-tryoni-tegminifera,P-sloanei,P-tryoni-tryoni-Eungella,P-gigantea
G-dilatatus_scaffold_236:290360-290648	N-hanni,P-sloanei,N-dahmsi,M-lithgowae,P-lata,P-cribrata,D-punctata
G-dilatatus_scaffold_4588:4270-4377	P-tryoni-tegminifera,P-gigantea,M-lithgowae,P-sloanei,P-tryoni-tryoni-Eungella,N-dahmsi,P-tryoni-tryoni
G-dilatatus_scaffold_55:3287798-3287857	P-tryoni-tryoni,P-tryoni-tegminifera,M-lithgowae,N-dahmsi
G-dilatatus_scaffold_116:871496-871662	P-tryoni-tryoni-Eungella,P-tryoni-tegminifera,P-gigantea,N-dahmsi,P-tryoni-tryoni,M-lithgowae,P-lata,P-cribrata
G-dilatatus_scaffold_6:7090510-7090601	P-tryoni-tryoni,P-gigantea,P-tryoni-tegminifera,N-dahmsi,P-tryoni-tryoni-Eungella
G-dilatatus_scaffold_262:645225-645341	P-tryoni-tegminifera,P-gigantea
G-dilatatus_scaffold_5:9046445-9046633	M-lithgowae,P-sloanei,P-tryoni-tryoni-Eungella,N-dahmsi
G-dilatatus_scaffold_328:258863-258956	P-tryoni-tryoni,P-tryoni-tryoni-Eungella,P-tryoni-tegminifera,P-sloanei,P-lata,P-gigantea,P-cribrata,N-dahmsi,M-lithgowae
G-dilatatus_scaffold_2:12499376-12499542	N-dahmsi
G-dilatatus_scaffold_23:8305392-8305979	P-tryoni-tryoni,P-sloanei,M-lithgowae,N-hanni,N-dahmsi,P-tryoni-tryoni-Eungella,P-gigantea,P-tryoni-tegminifera
G-dilatatus_scaffold_65:610977-611060	P-tryoni-tryoni,D-punctata,M-lithgowae,P-tryoni-tegminifera,P-tryoni-tryoni-Eungella,P-gigantea,N-dahmsi,N-hanni
G-dilatatus_scaffold_508:289962-290345	P-sloanei,P-tryoni-tryoni,M-lithgowae
G-dilatatus_scaffold_110:648201-648352	P-sloanei,N-hanni,M-lithgowae,P-tryoni-tegminifera
G-dilatatus_scaffold_115:678031-678114	P-tryoni-tegminifera,P-gigantea,P-tryoni-tryoni,P-tryoni-tryoni-Eungella,N-dahmsi,M-lithgowae
G-dilatatus_scaffold_109:1297816-1297914	N-dahmsi,M-lithgowae,P-gigantea,P-tryoni-tryoni-Eungella,P-tryoni-tegminifera,P-tryoni-tryoni
G-dilatatus_scaffold_102:2075550-2075781	P-tryoni-tegminifera,M-lithgowae,N-hanni,P-gigantea,P-sloanei,P-tryoni-tryoni,P-tryoni-tryoni-Eungella
G-dilatatus_scaffold_25:7161469-7161570	M-lithgowae,N-dahmsi,D-punctata,P-gigantea
G-dilatatus_scaffold_29:5770731-5770794	N-dahmsi
G-dilatatus_scaffold_118:3214189-3214279	P-tryoni-tryoni,P-tryoni-tryoni-Eungella,P-tryoni-tegminifera,P-gigantea,N-dahmsi,M-lithgowae
G-dilatatus_scaffold_17:3409599-3409659	P-sloanei,P-gigantea,D-punctata,P-tryoni-tegminifera
G-dilatatus_scaffold_27:9001618-9001886	D-punctata,P-sloanei
G-dilatatus_scaffold_7:1744654-1744819	P-tryoni-tryoni,D-punctata,P-tryoni-tegminifera
G-dilatatus_scaffold_258:773751-773878	P-tryoni-tryoni
G-dilatatus_scaffold_28:8552570-8552857	P-gigantea,P-tryoni-tegminifera,P-tryoni-tryoni-Eungella,P-tryoni-tryoni,N-dahmsi,M-lithgowae,D-punctata,P-sloanei
G-dilatatus_scaffold_360:162672-162865	P-tryoni-tryoni-Eungella,P-gigantea,P-tryoni-tegminifera,P-tryoni-tryoni,N-dahmsi,M-lithgowae,P-sloanei
G-dilatatus_scaffold_6:5916867-5916957	N-dahmsi
G-dilatatus_scaffold_36:2095196-2095329	N-hanni
G-dilatatus_scaffold_136:2578376-2578547	P-tryoni-tegminifera,N-hanni,M-lithgowae
G-dilatatus_scaffold_93:3332193-3332383	P-tryoni-tegminifera,P-gigantea,P-tryoni-tryoni-Eungella,N-dahmsi,D-punctata
G-dilatatus_scaffold_3:4359160-4359337	P-tryoni-tryoni-Eungella,P-sloanei
G-dilatatus_scaffold_26:5751801-5751993	P-tryoni-tryoni,P-gigantea,N-hanni
G-dilatatus_scaffold_125:1771289-1771400	M-lithgowae,P-sloanei
G-dilatatus_scaffold_197:1246313-1246409	P-tryoni-tryoni,P-tryoni-tryoni-Eungella
G-dilatatus_scaffold_670:7488-7586	N-dahmsi
G-dilatatus_scaffold_490:100813-101095	P-cribrata,M-lithgowae,P-tryoni-tryoni
G-dilatatus_scaffold_164:2010392-2010504	P-sloanei,P-cribrata,P-tryoni-tryoni-Eungella,N-hanni
G-dilatatus_scaffold_13:7401449-7401702	P-lata,N-dahmsi,P-cribrata
G-dilatatus_scaffold_12826:5679-6063	N-dahmsi,P-tryoni-tryoni-Eungella
G-dilatatus_scaffold_199:610134-610375	P-tryoni-tryoni,P-gigantea,P-tryoni-tegminifera
G-dilatatus_scaffold_531:215117-215574	P-tryoni-tegminifera,P-gigantea,P-tryoni-tryoni,P-sloanei
G-dilatatus_scaffold_136:1686374-1686444	P-gigantea,P-tryoni-tegminifera,N-hanni
G-dilatatus_scaffold_29:4430971-4431158	P-tryoni-tryoni,M-lithgowae,D-punctata
G-dilatatus_scaffold_175:546889-546944	P-sloanei,P-gigantea,N-dahmsi,M-lithgowae,P-tryoni-tryoni-Eungella,P-tryoni-tegminifera,P-tryoni-tryoni
G-dilatatus_scaffold_828:7114-7250	P-tryoni-tegminifera,P-gigantea,P-tryoni-tryoni-Eungella,M-lithgowae,P-tryoni-tryoni,N-dahmsi,P-lata,P-cribrata,P-sloanei
G-dilatatus_scaffold_35:1876465-1876721	N-dahmsi,M-lithgowae,P-sloanei,N-hanni,P-tryoni-tegminifera,P-gigantea,P-cribrata
G-dilatatus_scaffold_2059:15231-15462	P-tryoni-tryoni,P-tryoni-tegminifera,M-lithgowae,N-dahmsi,P-gigantea,P-tryoni-tryoni-Eungella
G-dilatatus_scaffold_2695:15919-16061	N-hanni,P-gigantea,P-tryoni-tryoni-Eungella
G-dilatatus_scaffold_16939:3059-3582	P-gigantea,P-tryoni-tegminifera,P-tryoni-tryoni-Eungella,N-dahmsi,M-lithgowae,P-sloanei,N-hanni
G-dilatatus_scaffold_47:268615-268923	P-sloanei,P-gigantea,N-hanni,P-tryoni-tegminifera,P-tryoni-tryoni-Eungella
G-dilatatus_scaffold_48:846721-846840	P-tryoni-tryoni-Eungella,N-dahmsi,P-sloanei,M-lithgowae,P-tryoni-tryoni,P-gigantea
G-dilatatus_scaffold_37712:1541-1596	P-sloanei
G-dilatatus_scaffold_212:1206006-1206061	N-hanni
G-dilatatus_scaffold_16328:1863-2023	P-tryoni-tegminifera,M-lithgowae,P-tryoni-tryoni,N-hanni
G-dilatatus_scaffold_42:6283527-6283606	M-lithgowae,P-tryoni-tryoni,P-tryoni-tegminifera
G-dilatatus_scaffold_11:306221-306308	P-tryoni-tryoni,P-tryoni-tryoni-Eungella,P-gigantea,P-tryoni-tegminifera,N-hanni
G-dilatatus_scaffold_8989:5402-5544	P-tryoni-tegminifera,P-tryoni-tryoni-Eungella,N-dahmsi,M-lithgowae
G-dilatatus_scaffold_39:4792084-4792158	P-tryoni-tryoni,P-sloanei,N-dahmsi,P-tryoni-tryoni-Eungella,P-tryoni-tegminifera,P-gigantea,N-hanni,M-lithgowae
G-dilatatus_scaffold_17287:5889-5981	P-tryoni-tryoni-Eungella,P-gigantea
G-dilatatus_scaffold_7:7807957-7808007	P-sloanei,M-lithgowae,P-gigantea,P-tryoni-tryoni-Eungella,P-tryoni-tegminifera
G-dilatatus_scaffold_40:2753803-2753920	P-tryoni-tryoni-Eungella,P-tryoni-tryoni,P-tryoni-tegminifera,N-dahmsi,P-gigantea,P-lata,P-cribrata
G-dilatatus_scaffold_160:1719989-1720040	P-tryoni-tegminifera,P-gigantea,N-dahmsi,P-sloanei,P-tryoni-tryoni-Eungella,N-hanni,P-tryoni-tryoni
G-dilatatus_scaffold_21:10234336-10234600	P-tryoni-tryoni
G-dilatatus_scaffold_234:354843-354929	N-dahmsi,D-punctata,P-gigantea,N-hanni,P-tryoni-tryoni-Eungella
G-dilatatus_scaffold_4656:8859-8960	P-sloanei,P-tryoni-tryoni,N-hanni,N-dahmsi,P-tryoni-tegminifera,D-punctata,P-gigantea
G-dilatatus_scaffold_187:530510-530565	N-hanni,P-tryoni-tryoni-Eungella,P-tryoni-tegminifera,P-gigantea,P-tryoni-tryoni,M-lithgowae,N-dahmsi
G-dilatatus_scaffold_67:3724412-3724557	P-tryoni-tryoni
G-dilatatus_scaffold_150:2571999-2572123	P-tryoni-tryoni-Eungella,P-gigantea,P-sloanei,P-tryoni-tryoni,N-dahmsi,P-tryoni-tegminifera
G-dilatatus_scaffold_195:777968-778152	P-tryoni-tryoni,P-tryoni-tegminifera,N-hanni,N-dahmsi,P-tryoni-tryoni-Eungella
G-dilatatus_scaffold_21885:2735-2796	P-gigantea,P-tryoni-tryoni,P-tryoni-tryoni-Eungella,N-hanni
G-dilatatus_scaffold_44902:2347-2412	P-tryoni-tryoni,D-punctata,P-tryoni-tegminifera,P-sloanei,P-gigantea,N-dahmsi,P-tryoni-tryoni-Eungella,N-hanni
G-dilatatus_scaffold_136:1036102-1036497	N-hanni,P-cribrata,P-lata,P-tryoni-tryoni-Eungella,M-lithgowae,P-sloanei,P-tryoni-tegminifera,P-gigantea,P-tryoni-tryoni
G-dilatatus_scaffold_10683:2738-2815	P-tryoni-tryoni-Eungella,P-tryoni-tegminifera,P-gigantea,P-tryoni-tryoni,M-lithgowae,D-punctata
G-dilatatus_scaffold_114:29348-29476	P-sloanei,N-hanni
G-dilatatus_scaffold_106:395430-395505	P-lata,P-cribrata,N-dahmsi,P-tryoni-tryoni-Eungella,D-punctata
G-dilatatus_scaffold_23:6840340-6840425	P-tryoni-tegminifera,P-gigantea,P-tryoni-tryoni,P-tryoni-tryoni-Eungella,P-sloanei,M-lithgowae
G-dilatatus_scaffold_2:19133669-19133758	P-sloanei,N-hanni
G-dilatatus_scaffold_13916:1923-2052	P-sloanei,P-tryoni-tegminifera,P-gigantea,M-lithgowae,N-hanni,N-dahmsi
G-dilatatus_scaffold_38:1306058-1306161	P-tryoni-tryoni,P-tryoni-tegminifera,P-gigantea,N-dahmsi
G-dilatatus_scaffold_141:1832803-1832990	P-sloanei,P-tryoni-tryoni-Eungella,P-tryoni-tegminifera,P-gigantea,N-hanni,P-tryoni-tryoni
G-dilatatus_scaffold_3954:47-104	P-tryoni-tryoni-Eungella,P-tryoni-tegminifera,P-gigantea,P-tryoni-tryoni,M-lithgowae,N-dahmsi,N-hanni
G-dilatatus_scaffold_37:2366538-2366639	P-tryoni-tryoni-Eungella,P-sloanei,P-tryoni-tegminifera,N-hanni,M-lithgowae,P-gigantea,N-dahmsi
G-dilatatus_scaffold_59:2666767-2666829	N-dahmsi
G-dilatatus_scaffold_143:1175454-1175647	P-tryoni-tegminifera,P-gigantea
G-dilatatus_scaffold_18010:2993-3142	P-gigantea,P-sloanei,P-tryoni-tegminifera
G-dilatatus_scaffold_169:1183206-1183257	P-tryoni-tryoni
G-dilatatus_scaffold_20238:1639-1870	P-tryoni-tegminifera,M-lithgowae,P-tryoni-tryoni-Eungella,N-dahmsi,P-gigantea
G-dilatatus_scaffold_124:929097-929405	P-tryoni-tryoni-Eungella,N-dahmsi,P-tryoni-tegminifera,P-gigantea,M-lithgowae,P-sloanei,D-punctata
G-dilatatus_scaffold_45:3809553-3809800	P-sloanei,P-tryoni-tryoni-Eungella,M-lithgowae,P-gigantea,P-tryoni-tegminifera
G-dilatatus_scaffold_321:618280-618509	N-dahmsi,P-tryoni-tryoni-Eungella,N-hanni,P-sloanei
G-dilatatus_scaffold_116:249256-249612	P-tryoni-tegminifera,M-lithgowae,P-tryoni-tryoni-Eungella,N-dahmsi
G-dilatatus_scaffold_145:1933196-1933249	P-tryoni-tryoni-Eungella,P-tryoni-tryoni,N-dahmsi,P-lata,P-cribrata
G-dilatatus_scaffold_13:113648-113847	P-tryoni-tegminifera,P-tryoni-tryoni,P-gigantea,P-tryoni-tryoni-Eungella
G-dilatatus_scaffold_67:3275756-3275848	N-dahmsi,P-tryoni-tegminifera,P-gigantea
G-dilatatus_scaffold_23:6885508-6885695	P-gigantea,P-tryoni-tegminifera
G-dilatatus_scaffold_31458:0-108	N-hanni,B-germanica-v1
G-dilatatus_scaffold_93:3518318-3518381	P-sloanei,P-tryoni-tegminifera,N-hanni
G-dilatatus_scaffold_61870:1323-1381	M-lithgowae,P-sloanei
G-dilatatus_scaffold_10:8859935-8859995	P-tryoni-tegminifera,P-tryoni-tryoni,P-gigantea,P-tryoni-tryoni-Eungella,N-dahmsi
G-dilatatus_scaffold_279:122548-122617	N-dahmsi,P-cribrata
G-dilatatus_scaffold_9:3057785-3058011	P-gigantea,P-tryoni-tegminifera,P-tryoni-tryoni,P-sloanei
G-dilatatus_scaffold_76569:915-1098	P-tryoni-tryoni,P-sloanei,P-tryoni-tegminifera,M-lithgowae,N-dahmsi
G-dilatatus_scaffold_85:1111833-1111937	P-tryoni-tryoni,P-tryoni-tegminifera,M-lithgowae
G-dilatatus_scaffold_208:1105164-1105494	P-gigantea,P-tryoni-tryoni,P-tryoni-tegminifera
G-dilatatus_scaffold_8:8789805-8789983	P-sloanei,P-tryoni-tryoni-Eungella,P-gigantea,P-tryoni-tegminifera,M-lithgowae
G-dilatatus_scaffold_34:6329398-6329546	P-tryoni-tryoni-Eungella,M-lithgowae,D-punctata
G-dilatatus_scaffold_187:1593727-1593812	P-tryoni-tryoni,P-tryoni-tegminifera,N-dahmsi,P-sloanei,M-lithgowae,P-tryoni-tryoni-Eungella
G-dilatatus_scaffold_252:568352-568479	D-punctata
G-dilatatus_scaffold_107:1663713-1663771	P-tryoni-tryoni-Eungella,P-sloanei,P-lata,P-gigantea,P-tryoni-tegminifera
G-dilatatus_scaffold_24:8893554-8893713	P-tryoni-tryoni-Eungella,N-dahmsi,D-punctata
G-dilatatus_scaffold_15761:5485-5569	N-hanni,M-lithgowae,P-gigantea,D-punctata
G-dilatatus_scaffold_233:826924-827007	N-dahmsi,P-gigantea,P-tryoni-tegminifera
G-dilatatus_scaffold_116:3162614-3162720	M-lithgowae,N-dahmsi,N-hanni
G-dilatatus_scaffold_2:7633978-7634048	P-tryoni-tryoni
G-dilatatus_scaffold_67:1062614-1062757	P-tryoni-tryoni,N-hanni,P-tryoni-tryoni-Eungella,N-dahmsi,P-tryoni-tegminifera,M-lithgowae,P-gigantea,P-sloanei,P-cribrata
G-dilatatus_scaffold_140:2118389-2118445	P-tryoni-tryoni,P-tryoni-tegminifera,P-gigantea,N-dahmsi,P-sloanei,M-lithgowae
G-dilatatus_scaffold_18:4287708-4288099	P-tryoni-tryoni-Eungella,P-sloanei,N-dahmsi
G-dilatatus_scaffold_149:1910501-1910888	P-sloanei,P-tryoni-tryoni-Eungella,P-tryoni-tegminifera,P-tryoni-tryoni,N-hanni,N-dahmsi,P-gigantea
G-dilatatus_scaffold_70:1321423-1321532	P-tryoni-tryoni-Eungella,N-dahmsi
G-dilatatus_scaffold_63706:1043-1124	P-tryoni-tegminifera,P-gigantea,P-sloanei,M-lithgowae,N-dahmsi
G-dilatatus_scaffold_14:9975394-9975455	N-hanni
G-dilatatus_scaffold_28:1863304-1863482	P-tryoni-tryoni-Eungella,N-dahmsi,M-lithgowae
G-dilatatus_scaffold_58:1562418-1562512	P-tryoni-tryoni-Eungella,P-tryoni-tryoni,M-lithgowae
G-dilatatus_scaffold_3:13629115-13629334	N-hanni,P-tryoni-tryoni,N-dahmsi,P-gigantea,M-lithgowae
G-dilatatus_scaffold_106:1672129-1672199	N-hanni,P-sloanei,N-dahmsi
G-dilatatus_scaffold_79:2698613-2698771	P-tryoni-tryoni,P-sloanei,N-hanni,P-tryoni-tryoni-Eungella,M-lithgowae,P-tryoni-tegminifera,P-gigantea
G-dilatatus_scaffold_25917:1740-1820	N-dahmsi,M-lithgowae,P-tryoni-tryoni
G-dilatatus_scaffold_104:1275052-1275113	P-gigantea,P-tryoni-tryoni,P-lata,P-tryoni-tryoni-Eungella,M-lithgowae
G-dilatatus_scaffold_2:14856210-14856407	P-gigantea
G-dilatatus_scaffold_110:528754-528862	P-tryoni-tegminifera,P-gigantea
G-dilatatus_scaffold_24835:4684-4764	P-tryoni-tegminifera
G-dilatatus_scaffold_59:898080-898183	M-lithgowae
G-dilatatus_scaffold_248:443637-443691	P-sloanei
G-dilatatus_scaffold_13767:219-314	P-tryoni-tryoni
G-dilatatus_scaffold_94:3771448-3771516	P-tryoni-tryoni,P-tryoni-tegminifera,P-lata,P-cribrata
G-dilatatus_scaffold_4405:6504-6570	P-tryoni-tryoni-Eungella,P-tryoni-tegminifera,P-sloanei,P-gigantea,M-lithgowae
G-dilatatus_scaffold_24:724103-724236	P-sloanei
G-dilatatus_scaffold_576:250531-250603	P-sloanei,P-tryoni-tegminifera,P-gigantea,N-dahmsi,M-lithgowae
G-dilatatus_scaffold_15137:280-394	N-hanni,P-tryoni-tryoni-Eungella,N-dahmsi
G-dilatatus_scaffold_3:7633188-7633254	N-dahmsi
G-dilatatus_scaffold_6:5252514-5252629	P-gigantea,N-dahmsi,M-lithgowae,P-tryoni-tryoni
G-dilatatus_scaffold_188:1890507-1890581	N-hanni
G-dilatatus_scaffold_93:2917071-2917135	P-tryoni-tryoni-Eungella,P-tryoni-tryoni,P-gigantea,P-tryoni-tegminifera,N-dahmsi
G-dilatatus_scaffold_20:4412991-4413057	N-hanni,P-tryoni-tegminifera,P-sloanei,P-tryoni-tryoni-Eungella
G-dilatatus_scaffold_23:5105695-5105755	P-tryoni-tegminifera,N-hanni,P-tryoni-tryoni,P-tryoni-tryoni-Eungella,P-sloanei
G-dilatatus_scaffold_1272:34772-34888	P-tryoni-tryoni-Eungella,P-sloanei,M-lithgowae,N-dahmsi
G-dilatatus_scaffold_7514:7383-7463	P-tryoni-tryoni-Eungella,N-hanni,M-lithgowae
G-dilatatus_scaffold_13383:6966-7066	N-dahmsi
G-dilatatus_scaffold_47:2835100-2835250	P-sloanei,P-gigantea,N-dahmsi,P-tryoni-tryoni,P-tryoni-tegminifera,P-lata,P-cribrata,M-lithgowae
G-dilatatus_scaffold_43:1299662-1299736	P-tryoni-tryoni-Eungella
G-dilatatus_scaffold_144:1818760-1818931	N-hanni
G-dilatatus_scaffold_107:2052908-2052971	N-hanni,P-tryoni-tryoni-Eungella,P-sloanei
G-dilatatus_scaffold_6169:6678-6989	P-tryoni-tegminifera
G-dilatatus_scaffold_6240:1854-1993	P-tryoni-tegminifera
G-dilatatus_scaffold_225:1237671-1238118	P-tryoni-tryoni,N-hanni,P-tryoni-tegminifera,P-gigantea,P-tryoni-tryoni-Eungella
G-dilatatus_scaffold_74:2615309-2615391	P-tryoni-tryoni,P-tryoni-tegminifera
G-dilatatus_scaffold_341:652330-652954	M-lithgowae,P-tryoni-tryoni,N-dahmsi,P-tryoni-tryoni-Eungella,P-gigantea,P-tryoni-tegminifera
G-dilatatus_scaffold_87:2912442-2912557	P-tryoni-tryoni-Eungella,N-dahmsi,P-tryoni-tegminifera,P-tryoni-tryoni,P-gigantea,D-punctata,P-lata,P-cribrata
G-dilatatus_scaffold_20:7591035-7591181	P-tryoni-tegminifera,P-tryoni-tryoni-Eungella,P-tryoni-tryoni,M-lithgowae,N-dahmsi,N-hanni,P-gigantea,D-punctata
G-dilatatus_scaffold_12431:3779-3964	P-tryoni-tegminifera,P-gigantea,P-tryoni-tryoni,N-dahmsi,P-tryoni-tryoni-Eungella,M-lithgowae
G-dilatatus_scaffold_193:1580306-1580398	P-tryoni-tryoni-Eungella
G-dilatatus_scaffold_59:4970336-4970669	P-tryoni-tryoni,P-gigantea,M-lithgowae,P-tryoni-tegminifera,P-tryoni-tryoni-Eungella,N-hanni
G-dilatatus_scaffold_276:271849-271903	N-hanni
G-dilatatus_scaffold_20042:5498-5734	P-tryoni-tegminifera,P-gigantea,P-tryoni-tryoni,M-lithgowae,N-hanni
G-dilatatus_scaffold_248:320531-320749	P-tryoni-tegminifera,P-sloanei,P-gigantea,P-tryoni-tryoni-Eungella,N-hanni
G-dilatatus_scaffold_11:1824971-1825041	P-sloanei,M-lithgowae,P-tryoni-tegminifera,N-hanni,P-gigantea,P-tryoni-tryoni
G-dilatatus_scaffold_149:2109235-2109407	P-sloanei,P-gigantea
G-dilatatus_scaffold_38437:225-467	M-lithgowae
G-dilatatus_scaffold_188:1931608-1931741	M-lithgowae,P-tryoni-tryoni-Eungella,P-gigantea,P-tryoni-tegminifera
G-dilatatus_scaffold_105:793993-794150	N-dahmsi
G-dilatatus_scaffold_37:6225568-6226054	P-tryoni-tryoni,P-sloanei,M-lithgowae,N-hanni
G-dilatatus_scaffold_45:1571503-1571577	P-tryoni-tryoni,P-sloanei,P-tryoni-tryoni-Eungella,N-dahmsi
G-dilatatus_scaffold_2069:3092-3143	P-tryoni-tryoni-Eungella,P-tryoni-tegminifera,P-cribrata,P-gigantea,P-lata,P-tryoni-tryoni
G-dilatatus_scaffold_60:2705249-2705313	M-lithgowae,P-tryoni-tryoni-Eungella,N-hanni,P-tryoni-tryoni,P-sloanei,P-gigantea,N-dahmsi,P-tryoni-tegminifera
G-dilatatus_scaffold_9:10101000-10101061	P-gigantea,N-hanni
G-dilatatus_scaffold_114:872296-872361	N-dahmsi,M-lithgowae,P-gigantea,P-tryoni-tegminifera,P-tryoni-tryoni
G-dilatatus_scaffold_1:23122295-23122489	P-tryoni-tryoni,N-dahmsi
G-dilatatus_scaffold_48:5126162-5126251	N-hanni
G-dilatatus_scaffold_624:51327-51466	P-cribrata,P-tryoni-tryoni-Eungella
G-dilatatus_scaffold_316:653707-653887	P-gigantea,P-tryoni-tryoni-Eungella
G-dilatatus_scaffold_218:309172-309663	P-tryoni-tryoni-Eungella
G-dilatatus_scaffold_47583:48-138	P-tryoni-tryoni
G-dilatatus_scaffold_22:7058690-7058799	P-tryoni-tryoni-Eungella,P-tryoni-tryoni,N-dahmsi
G-dilatatus_scaffold_96:2559926-2560103	P-sloanei
G-dilatatus_scaffold_9:8137664-8137831	P-sloanei,N-dahmsi,P-tryoni-tryoni-Eungella,N-hanni
G-dilatatus_scaffold_529:63700-63752	P-tryoni-tryoni,N-dahmsi
G-dilatatus_scaffold_123:1239112-1239392	P-tryoni-tryoni,P-sloanei,P-tryoni-tryoni-Eungella,N-dahmsi,P-gigantea
G-dilatatus_scaffold_414:421111-421435	P-tryoni-tegminifera,M-lithgowae,P-tryoni-tryoni-Eungella,P-tryoni-tryoni,P-gigantea,P-sloanei,N-dahmsi
G-dilatatus_scaffold_24:2622637-2622858	P-tryoni-tegminifera,M-lithgowae,N-dahmsi,P-tryoni-tryoni
G-dilatatus_scaffold_257:561097-561228	P-tryoni-tryoni,P-gigantea,P-tryoni-tegminifera,P-tryoni-tryoni-Eungella,P-lata,P-sloanei
G-dilatatus_scaffold_22397:2932-3146	P-tryoni-tryoni,P-sloanei,N-hanni,P-tryoni-tryoni-Eungella
G-dilatatus_scaffold_418:423972-424100	P-tryoni-tegminifera,P-tryoni-tryoni
G-dilatatus_scaffold_42:2519649-2519796	P-tryoni-tryoni,P-gigantea,P-tryoni-tegminifera,P-sloanei,N-hanni,P-tryoni-tryoni-Eungella,N-dahmsi
G-dilatatus_scaffold_52:4157323-4157410	P-tryoni-tegminifera,M-lithgowae,P-tryoni-tryoni
G-dilatatus_scaffold_4145:8273-8423	P-tryoni-tryoni-Eungella,P-sloanei,P-gigantea,M-lithgowae,P-tryoni-tegminifera,P-lata,P-cribrata,N-dahmsi,P-tryoni-tryoni
G-dilatatus_scaffold_165:23939-24063	P-tryoni-tryoni,P-gigantea,P-tryoni-tegminifera
G-dilatatus_scaffold_8:5131510-5131614	N-dahmsi,P-tryoni-tryoni-Eungella
G-dilatatus_scaffold_31:2830580-2830633	P-sloanei,M-lithgowae
G-dilatatus_scaffold_165:820564-820999	P-lata,P-cribrata
G-dilatatus_scaffold_173:1099904-1100040	N-dahmsi,M-lithgowae,P-tryoni-tryoni-Eungella,P-sloanei,P-lata,D-punctata,N-hanni,P-cribrata,P-tryoni-tryoni
G-dilatatus_scaffold_11:8206413-8206622	P-tryoni-tryoni,N-hanni,P-gigantea,M-lithgowae,P-lata,N-dahmsi
G-dilatatus_scaffold_11:12031356-12031516	P-gigantea
G-dilatatus_scaffold_100:3034863-3034936	N-dahmsi,P-tryoni-tryoni-Eungella
G-dilatatus_scaffold_212:473259-473360	M-lithgowae,P-tryoni-tegminifera,P-tryoni-tryoni,N-dahmsi
G-dilatatus_scaffold_30:6023121-6023271	P-tryoni-tryoni,P-tryoni-tegminifera,P-sloanei,P-lata,P-gigantea,N-dahmsi,M-lithgowae,P-cribrata
G-dilatatus_scaffold_88:1672563-1672685	P-tryoni-tegminifera,M-lithgowae,N-dahmsi,P-sloanei
G-dilatatus_scaffold_12:8445217-8445272	M-lithgowae,P-tryoni-tegminifera,P-tryoni-tryoni,P-sloanei,N-hanni,N-dahmsi,P-gigantea
G-dilatatus_scaffold_3:894752-894883	P-gigantea,P-tryoni-tryoni,P-tryoni-tryoni-Eungella,M-lithgowae,N-dahmsi,P-tryoni-tegminifera,P-cribrata
G-dilatatus_scaffold_2:4290833-4290896	P-cribrata
G-dilatatus_scaffold_33:2044123-2044471	P-sloanei
G-dilatatus_scaffold_206:727931-728092	P-tryoni-tryoni,P-tryoni-tegminifera
G-dilatatus_scaffold_149:1908832-1908889	P-tryoni-tryoni
G-dilatatus_scaffold_708:66981-67057	P-tryoni-tegminifera,P-sloanei,P-gigantea,N-dahmsi,M-lithgowae
G-dilatatus_scaffold_227:268872-269076	N-hanni,P-sloanei
G-dilatatus_scaffold_15:6508123-6508173	P-lata,P-cribrata,P-sloanei,N-hanni
G-dilatatus_scaffold_33:2739141-2739257	P-tryoni-tryoni
G-dilatatus_scaffold_6:6692279-6692576	M-lithgowae,P-sloanei,P-tryoni-tryoni,P-tryoni-tegminifera
G-dilatatus_scaffold_10:7371969-7372115	P-gigantea,P-tryoni-tegminifera,N-dahmsi,N-hanni,P-tryoni-tryoni,P-sloanei
G-dilatatus_scaffold_188:1391256-1391406	P-tryoni-tryoni,P-tryoni-tryoni-Eungella,P-tryoni-tegminifera,P-sloanei,N-hanni,M-lithgowae,P-lata,P-cribrata,P-gigantea,N-dahmsi
G-dilatatus_scaffold_16:559632-559705	P-gigantea,P-tryoni-tegminifera
G-dilatatus_scaffold_394:35565-35664	P-sloanei,M-lithgowae,P-tryoni-tryoni
G-dilatatus_scaffold_57220:833-1093	P-sloanei,N-dahmsi,P-tryoni-tryoni-Eungella,P-tryoni-tegminifera
G-dilatatus_scaffold_2048:19643-19705	P-sloanei,P-tryoni-tegminifera,P-tryoni-tryoni,P-gigantea
G-dilatatus_scaffold_81:4423181-4423238	N-hanni,P-sloanei
G-dilatatus_scaffold_13:8179791-8179856	P-tryoni-tryoni,P-tryoni-tryoni-Eungella,N-hanni,P-tryoni-tegminifera,P-gigantea,N-dahmsi,M-lithgowae
G-dilatatus_scaffold_27:7537571-7537671	P-sloanei
G-dilatatus_scaffold_1:16903686-16903758	N-dahmsi,D-punctata
G-dilatatus_scaffold_65717:503-628	P-tryoni-tegminifera,M-lithgowae,P-tryoni-tryoni,P-tryoni-tryoni-Eungella,P-sloanei
G-dilatatus_scaffold_124:2539775-2540156	N-hanni,P-sloanei
G-dilatatus_scaffold_15:3333808-3333904	N-dahmsi,P-tryoni-tryoni,P-tryoni-tryoni-Eungella,P-tryoni-tegminifera,P-gigantea,M-lithgowae
G-dilatatus_scaffold_158:387889-387971	P-tryoni-tryoni,P-tryoni-tryoni-Eungella,P-sloanei,N-hanni,P-gigantea
G-dilatatus_scaffold_15:1534276-1534356	P-tryoni-tryoni-Eungella,P-sloanei,P-tryoni-tegminifera,P-gigantea,M-lithgowae
G-dilatatus_scaffold_15:7494461-7494560	P-tryoni-tegminifera,M-lithgowae,P-sloanei
G-dilatatus_scaffold_26:1130136-1130262	N-dahmsi
G-dilatatus_scaffold_470:303853-304008	P-tryoni-tegminifera,P-tryoni-tryoni,N-dahmsi,M-lithgowae
G-dilatatus_scaffold_225:807316-807377	P-tryoni-tegminifera,P-gigantea,M-lithgowae,P-tryoni-tryoni-Eungella,P-sloanei,P-tryoni-tryoni,N-dahmsi
G-dilatatus_scaffold_13689:3550-3640	P-tryoni-tegminifera,P-gigantea,P-tryoni-tryoni,P-tryoni-tryoni-Eungella,P-lata,N-dahmsi
G-dilatatus_scaffold_937:17528-17684	N-dahmsi,N-hanni,P-tryoni-tryoni,P-gigantea,P-tryoni-tryoni-Eungella
G-dilatatus_scaffold_745:3555-3843	P-sloanei,P-tryoni-tryoni-Eungella,M-lithgowae,N-dahmsi
G-dilatatus_scaffold_55232:848-899	Z-nevadensis-v2,B-germanica-v1
G-dilatatus_scaffold_69:3060419-3060480	P-tryoni-tegminifera,P-tryoni-tryoni
G-dilatatus_scaffold_85:3030055-3030237	N-hanni,N-dahmsi
G-dilatatus_scaffold_4:10129747-10129893	M-lithgowae,P-tryoni-tryoni-Eungella,P-sloanei,P-tryoni-tryoni
G-dilatatus_scaffold_115:341608-341669	P-tryoni-tryoni-Eungella,P-gigantea,N-hanni,M-lithgowae,P-sloanei,P-tryoni-tegminifera
G-dilatatus_scaffold_103:3015701-3015823	P-tryoni-tegminifera,P-tryoni-tryoni,P-gigantea,M-lithgowae,N-dahmsi
G-dilatatus_scaffold_51189:1094-1267	P-sloanei,P-gigantea,P-tryoni-tegminifera,N-hanni,P-tryoni-tryoni
G-dilatatus_scaffold_9:7354688-7354745	P-sloanei,P-tryoni-tryoni,P-tryoni-tryoni-Eungella,N-dahmsi,M-lithgowae,N-hanni
G-dilatatus_scaffold_132:1151525-1151672	N-hanni,P-lata
G-dilatatus_scaffold_25:6784666-6784794	P-tryoni-tegminifera,P-sloanei,P-tryoni-tryoni,P-tryoni-tryoni-Eungella,M-lithgowae,N-hanni,N-dahmsi
G-dilatatus_scaffold_10:7811468-7811533	P-tryoni-tryoni,P-tryoni-tryoni-Eungella,N-dahmsi,N-hanni
G-dilatatus_scaffold_1:5673260-5673381	P-tryoni-tegminifera,P-gigantea
G-dilatatus_scaffold_9:933381-933438	P-tryoni-tryoni-Eungella,P-tryoni-tegminifera
G-dilatatus_scaffold_303:534437-534625	P-gigantea,P-tryoni-tegminifera,P-tryoni-tryoni,N-dahmsi
G-dilatatus_scaffold_3:1328791-1328909	P-tryoni-tryoni,P-sloanei,P-tryoni-tryoni-Eungella,M-lithgowae
G-dilatatus_scaffold_21002:4937-5089	P-gigantea,P-sloanei,P-tryoni-tegminifera,P-tryoni-tryoni
G-dilatatus_scaffold_41422:1999-2293	N-hanni
G-dilatatus_scaffold_106:1639967-1640021	P-tryoni-tryoni-Eungella,P-sloanei,N-hanni,M-lithgowae
G-dilatatus_scaffold_10508:5476-5526	P-tryoni-tryoni,P-sloanei,P-gigantea,N-dahmsi,P-lata,P-cribrata
G-dilatatus_scaffold_14363:1589-1671	P-lata,P-tryoni-tryoni,P-tryoni-tryoni-Eungella,P-tryoni-tegminifera,P-gigantea,N-hanni,N-dahmsi,B-germanica-v1
G-dilatatus_scaffold_87:3527692-3527817	P-sloanei,P-tryoni-tryoni,P-gigantea,M-lithgowae
G-dilatatus_scaffold_75593:101-158	P-tryoni-tryoni,N-hanni,P-tryoni-tegminifera,P-sloanei,N-dahmsi,M-lithgowae
G-dilatatus_scaffold_18:8341633-8341702	P-tryoni-tegminifera,P-gigantea,P-tryoni-tryoni
G-dilatatus_scaffold_19:4837323-4837584	P-sloanei,M-lithgowae,P-tryoni-tryoni-Eungella,N-dahmsi,P-tryoni-tegminifera
G-dilatatus_scaffold_25128:3140-3768	P-gigantea,N-dahmsi,P-tryoni-tryoni-Eungella,P-tryoni-tegminifera
G-dilatatus_scaffold_6:7491928-7492155	P-tryoni-tegminifera,P-sloanei,N-hanni,P-tryoni-tryoni,N-dahmsi,M-lithgowae,D-punctata,P-tryoni-tryoni-Eungella
G-dilatatus_scaffold_31:4930906-4930959	P-tryoni-tegminifera,P-gigantea,N-dahmsi
G-dilatatus_scaffold_153:878629-878699	P-lata
G-dilatatus_scaffold_26548:1414-1568	N-dahmsi,N-hanni
G-dilatatus_scaffold_433:146805-146880	P-tryoni-tryoni-Eungella,M-lithgowae,P-sloanei,P-gigantea,P-tryoni-tryoni,N-dahmsi
G-dilatatus_scaffold_139:1761658-1761756	P-tryoni-tegminifera,P-gigantea,M-lithgowae,P-tryoni-tryoni-Eungella,P-sloanei
G-dilatatus_scaffold_93:1465815-1465989	P-sloanei,P-tryoni-tegminifera,P-gigantea,P-tryoni-tryoni-Eungella,P-tryoni-tryoni
G-dilatatus_scaffold_4145:9885-10076	P-lata,N-dahmsi,M-lithgowae,P-sloanei,P-tryoni-tryoni-Eungella,P-cribrata,P-gigantea
G-dilatatus_scaffold_61954:721-782	P-gigantea,M-lithgowae,P-tryoni-tryoni,P-sloanei,P-tryoni-tegminifera
G-dilatatus_scaffold_42:6528608-6528946	P-tryoni-tryoni,P-sloanei,P-tryoni-tryoni-Eungella,M-lithgowae,P-tryoni-tegminifera,N-dahmsi
G-dilatatus_scaffold_108:335953-336212	P-sloanei
G-dilatatus_scaffold_370:377935-378139	N-hanni,P-tryoni-tryoni-Eungella,P-sloanei,P-tryoni-tryoni
G-dilatatus_scaffold_2223:714-774	D-punctata
G-dilatatus_scaffold_43:231076-231191	M-lithgowae,N-dahmsi,P-tryoni-tryoni
G-dilatatus_scaffold_3590:12853-12942	P-tryoni-tryoni-Eungella,P-tryoni-tryoni,N-dahmsi
G-dilatatus_scaffold_186:664742-664882	N-dahmsi,M-lithgowae,P-gigantea
G-dilatatus_scaffold_260:935833-935943	P-tryoni-tryoni,P-sloanei,M-lithgowae
G-dilatatus_scaffold_144:1591919-1592071	P-gigantea,P-sloanei,N-hanni,M-lithgowae,P-tryoni-tryoni,P-tryoni-tryoni-Eungella
G-dilatatus_scaffold_230:1111296-1111446	P-tryoni-tryoni-Eungella,P-tryoni-tegminifera,P-sloanei,P-gigantea,N-dahmsi,P-tryoni-tryoni,P-lata,M-lithgowae,P-cribrata
G-dilatatus_scaffold_113:3450940-3450994	N-dahmsi,P-sloanei,P-tryoni-tegminifera,P-gigantea
G-dilatatus_scaffold_4:11439241-11439314	P-tryoni-tryoni-Eungella,P-gigantea,P-tryoni-tegminifera,P-lata,P-sloanei
G-dilatatus_scaffold_13765:5710-5939	N-dahmsi
G-dilatatus_scaffold_917:51653-51807	P-tryoni-tegminifera
G-dilatatus_scaffold_59647:1052-1230	N-hanni,P-sloanei,N-dahmsi
G-dilatatus_scaffold_20:1158101-1158250	N-hanni,P-lata,P-cribrata
G-dilatatus_scaffold_401:366237-366331	N-hanni,P-sloanei,P-tryoni-tegminifera,N-dahmsi,P-tryoni-tryoni-Eungella
G-dilatatus_scaffold_118:2052741-2052800	P-tryoni-tegminifera,P-gigantea
G-dilatatus_scaffold_309:13894-13984	P-tryoni-tryoni-Eungella,N-hanni,N-dahmsi,P-tryoni-tryoni,P-lata,M-lithgowae
G-dilatatus_scaffold_253:112526-112696	P-sloanei,N-dahmsi,P-tryoni-tryoni,N-hanni,P-tryoni-tegminifera,P-gigantea,P-cribrata,P-lata
G-dilatatus_scaffold_37369:2364-2495	N-hanni
G-dilatatus_scaffold_25695:3859-4086	P-sloanei,P-tryoni-tegminifera,N-dahmsi,P-gigantea
G-dilatatus_scaffold_27:2175814-2175927	P-tryoni-tegminifera,P-gigantea
G-dilatatus_scaffold_126:2426260-2426334	P-tryoni-tryoni-Eungella
G-dilatatus_scaffold_2:9283251-9283385	N-hanni,P-sloanei
G-dilatatus_scaffold_46385:1140-1310	P-tryoni-tegminifera,P-tryoni-tryoni,N-dahmsi,P-gigantea
G-dilatatus_scaffold_15154:2807-2874	P-tryoni-tryoni,P-gigantea,M-lithgowae,N-dahmsi,P-tryoni-tryoni-Eungella,P-sloanei,N-hanni
G-dilatatus_scaffold_490:99623-99783	M-lithgowae,P-cribrata,P-lata,P-tryoni-tryoni-Eungella,P-sloanei,P-gigantea,N-dahmsi
G-dilatatus_scaffold_44755:2410-2473	P-gigantea
G-dilatatus_scaffold_91:1269718-1269878	P-tryoni-tegminifera,N-dahmsi
G-dilatatus_scaffold_9:1949425-1949642	P-tryoni-tryoni,N-dahmsi,D-punctata
G-dilatatus_scaffold_23:10374650-10374916	P-tryoni-tegminifera,P-gigantea,P-tryoni-tryoni-Eungella,P-tryoni-tryoni,N-dahmsi,N-hanni
G-dilatatus_scaffold_420:125509-125657	P-tryoni-tryoni-Eungella,N-dahmsi
G-dilatatus_scaffold_9:6157316-6157546	P-sloanei,N-dahmsi,M-lithgowae,P-tryoni-tryoni
G-dilatatus_scaffold_7:4756136-4756216	M-lithgowae,P-gigantea,N-dahmsi
G-dilatatus_scaffold_6:7212554-7212713	P-sloanei,N-hanni,P-tryoni-tryoni-Eungella,M-lithgowae
G-dilatatus_scaffold_662:153035-153182	P-tryoni-tryoni-Eungella,P-tryoni-tegminifera,P-gigantea,P-cribrata,P-tryoni-tryoni,P-lata,M-lithgowae,N-dahmsi
G-dilatatus_scaffold_24:2402391-2402532	P-tryoni-tegminifera,P-gigantea,P-tryoni-tryoni,P-tryoni-tryoni-Eungella,N-hanni,P-sloanei,M-lithgowae
G-dilatatus_scaffold_27:1791745-1792396	N-dahmsi,N-hanni,P-sloanei,M-lithgowae,P-tryoni-tryoni,P-gigantea,P-tryoni-tegminifera
G-dilatatus_scaffold_215:1169142-1169290	N-hanni,P-tryoni-tryoni,M-lithgowae,P-sloanei,P-gigantea,P-tryoni-tegminifera
G-dilatatus_scaffold_42121:2424-2482	N-dahmsi,M-lithgowae,P-tryoni-tryoni-Eungella,P-sloanei
G-dilatatus_scaffold_295:718757-718876	P-tryoni-tryoni,P-gigantea,P-tryoni-tegminifera,M-lithgowae
G-dilatatus_scaffold_26658:1453-1548	P-tryoni-tegminifera,P-gigantea,M-lithgowae,P-tryoni-tryoni,P-tryoni-tryoni-Eungella,P-cribrata,P-lata,N-hanni
G-dilatatus_scaffold_151:1957079-1957229	P-tryoni-tryoni,P-tryoni-tegminifera,P-sloanei,P-lata,P-gigantea,P-cribrata,M-lithgowae
G-dilatatus_scaffold_189:1613695-1613812	M-lithgowae,P-tryoni-tegminifera,N-hanni,P-tryoni-tryoni-Eungella,N-dahmsi,D-punctata
G-dilatatus_scaffold_150:1449640-1449705	N-hanni,P-sloanei
G-dilatatus_scaffold_106:3566008-3566075	P-tryoni-tegminifera
G-dilatatus_scaffold_15368:4001-4199	P-tryoni-tryoni-Eungella,P-tryoni-tryoni,M-lithgowae,P-sloanei,P-tryoni-tegminifera,P-gigantea,N-dahmsi,D-punctata
G-dilatatus_scaffold_155:584834-584980	P-gigantea,P-tryoni-tegminifera
G-dilatatus_scaffold_1:12017040-12017134	P-sloanei,N-hanni,N-dahmsi,P-tryoni-tegminifera,P-gigantea,M-lithgowae,P-tryoni-tryoni,P-cribrata
G-dilatatus_scaffold_112:670587-670772	N-dahmsi
G-dilatatus_scaffold_43:5139542-5140052	P-tryoni-tryoni-Eungella,N-hanni,P-sloanei,P-tryoni-tegminifera,P-gigantea,N-dahmsi
G-dilatatus_scaffold_215:1117931-1118039	N-dahmsi,P-sloanei,N-hanni,P-tryoni-tryoni-Eungella
G-dilatatus_scaffold_12:11120729-11120894	P-tryoni-tryoni,P-gigantea,P-tryoni-tegminifera,P-tryoni-tryoni-Eungella
G-dilatatus_scaffold_124:179845-179922	P-sloanei,M-lithgowae,P-tryoni-tegminifera
G-dilatatus_scaffold_6116:2531-2604	M-lithgowae
G-dilatatus_scaffold_327:308126-308265	M-lithgowae,P-gigantea,N-dahmsi,P-tryoni-tryoni,P-tryoni-tryoni-Eungella,P-tryoni-tegminifera
G-dilatatus_scaffold_4139:1100-1185	P-sloanei,M-lithgowae,P-tryoni-tryoni-Eungella
G-dilatatus_scaffold_344:586769-586867	N-hanni
G-dilatatus_scaffold_30:1451507-1451643	P-gigantea,P-sloanei,P-tryoni-tegminifera,N-hanni
G-dilatatus_scaffold_199:1266034-1266285	P-tryoni-tryoni-Eungella
G-dilatatus_scaffold_30567:1162-1278	P-tryoni-tegminifera,P-gigantea,N-dahmsi
G-dilatatus_scaffold_205:823950-824223	M-lithgowae,P-tryoni-tegminifera
G-dilatatus_scaffold_68073:940-1028	P-sloanei,N-dahmsi
G-dilatatus_scaffold_28253:2292-2404	P-tryoni-tryoni,N-hanni
G-dilatatus_scaffold_229:900920-901132	P-tryoni-tegminifera,P-tryoni-tryoni-Eungella,N-hanni,P-gigantea
G-dilatatus_scaffold_117:1768699-1768754	P-tryoni-tryoni-Eungella
G-dilatatus_scaffold_32:3361447-3361505	P-tryoni-tryoni-Eungella,N-dahmsi,M-lithgowae,P-sloanei,P-gigantea
G-dilatatus_scaffold_3036:2874-3048	P-tryoni-tryoni,P-gigantea,N-hanni,P-tryoni-tryoni-Eungella,P-tryoni-tegminifera,N-dahmsi
G-dilatatus_scaffold_230:1112986-1113135	P-tryoni-tryoni-Eungella,P-tryoni-tegminifera,P-sloanei,P-cribrata,N-dahmsi,P-lata,M-lithgowae
G-dilatatus_scaffold_17:9706011-9706180	N-hanni,P-tryoni-tryoni,P-tryoni-tryoni-Eungella,P-tryoni-tegminifera,P-gigantea,M-lithgowae,N-dahmsi,P-cribrata,P-sloanei,P-lata
G-dilatatus_scaffold_4708:2299-2481	P-tryoni-tryoni-Eungella,P-tryoni-tryoni,P-tryoni-tegminifera,P-gigantea,M-lithgowae
G-dilatatus_scaffold_2:14210028-14210122	P-tryoni-tryoni,P-tryoni-tegminifera,N-dahmsi,M-lithgowae,P-tryoni-tryoni-Eungella
G-dilatatus_scaffold_172:1245331-1245459	N-dahmsi,P-tryoni-tryoni-Eungella,M-lithgowae,P-tryoni-tegminifera,P-gigantea,P-tryoni-tryoni
G-dilatatus_scaffold_12:7407069-7407209	P-gigantea,P-tryoni-tegminifera,P-tryoni-tryoni-Eungella,P-tryoni-tryoni,P-cribrata,M-lithgowae,P-sloanei,N-hanni
G-dilatatus_scaffold_82:126550-126690	P-sloanei,P-tryoni-tegminifera
G-dilatatus_scaffold_33718:1111-1192	D-punctata
G-dilatatus_scaffold_58:1508278-1508332	P-tryoni-tryoni,P-sloanei,P-tryoni-tegminifera,P-gigantea
G-dilatatus_scaffold_110:1340440-1340613	P-sloanei,P-tryoni-tryoni-Eungella,P-tryoni-tryoni,M-lithgowae
G-dilatatus_scaffold_316:101562-101658	N-dahmsi
G-dilatatus_scaffold_52374:0-80	P-tryoni-tegminifera,N-hanni,M-lithgowae,P-sloanei,P-lata,P-tryoni-tryoni
G-dilatatus_scaffold_17:205570-205652	N-dahmsi,P-sloanei,P-tryoni-tryoni,M-lithgowae,P-tryoni-tryoni-Eungella,D-punctata
G-dilatatus_scaffold_78:1120657-1120725	P-tryoni-tegminifera,N-dahmsi,M-lithgowae
G-dilatatus_scaffold_103:306009-306189	P-tryoni-tryoni-Eungella,N-hanni
G-dilatatus_scaffold_189:1186999-1187072	P-tryoni-tegminifera,P-cribrata,P-lata,P-tryoni-tryoni-Eungella
G-dilatatus_scaffold_142:1100972-1101130	P-tryoni-tryoni,P-tryoni-tryoni-Eungella,P-sloanei,P-lata,P-gigantea,P-cribrata,N-dahmsi,M-lithgowae,P-tryoni-tegminifera
G-dilatatus_scaffold_16:4679202-4679311	P-gigantea,P-tryoni-tegminifera,N-dahmsi,P-sloanei
G-dilatatus_scaffold_202:108486-108564	M-lithgowae,P-tryoni-tryoni
G-dilatatus_scaffold_237:741887-742019	P-tryoni-tryoni-Eungella,P-sloanei,M-lithgowae
G-dilatatus_scaffold_142:1099896-1100046	P-tryoni-tryoni,P-sloanei,P-lata,P-gigantea,N-dahmsi,P-cribrata,P-tryoni-tryoni-Eungella,M-lithgowae
G-dilatatus_scaffold_51:1180211-1180366	M-lithgowae,P-tryoni-tryoni,P-gigantea,N-dahmsi,P-tryoni-tegminifera,P-tryoni-tryoni-Eungella,B-germanica-v1,N-hanni,P-sloanei
G-dilatatus_scaffold_65968:1294-1440	M-lithgowae,P-tryoni-tegminifera,N-hanni,P-tryoni-tryoni,P-gigantea,N-dahmsi,P-tryoni-tryoni-Eungella
G-dilatatus_scaffold_35:1959451-1959649	P-tryoni-tegminifera
G-dilatatus_scaffold_341:756856-757227	P-tryoni-tegminifera,P-gigantea,P-sloanei,N-dahmsi,N-hanni,M-lithgowae
G-dilatatus_scaffold_104:2026108-2026206	P-tryoni-tryoni,P-gigantea,P-tryoni-tegminifera,P-tryoni-tryoni-Eungella,N-dahmsi,M-lithgowae,N-hanni,P-sloanei
G-dilatatus_scaffold_138:2347880-2347932	P-tryoni-tryoni
G-dilatatus_scaffold_84:2665535-2665649	N-dahmsi,P-gigantea,P-tryoni-tegminifera
G-dilatatus_scaffold_77:3066546-3066657	P-tryoni-tryoni,P-tryoni-tegminifera,P-gigantea,P-sloanei
G-dilatatus_scaffold_640:97967-98182	P-gigantea,P-tryoni-tryoni-Eungella
G-dilatatus_scaffold_18:4065417-4065563	P-gigantea,P-sloanei,P-tryoni-tryoni
G-dilatatus_scaffold_14:4047439-4047505	P-gigantea,P-tryoni-tegminifera
G-dilatatus_scaffold_2:3427693-3427891	M-lithgowae,P-gigantea,P-tryoni-tegminifera,N-hanni,P-tryoni-tryoni-Eungella,N-dahmsi,P-sloanei
G-dilatatus_scaffold_8602:6738-6811	N-dahmsi,M-lithgowae,P-tryoni-tegminifera,P-gigantea,P-tryoni-tryoni-Eungella,P-sloanei,N-hanni
G-dilatatus_scaffold_145:184712-185054	P-gigantea,P-tryoni-tryoni
G-dilatatus_scaffold_4:11038292-11038445	P-tryoni-tryoni-Eungella,N-dahmsi,M-lithgowae,P-tryoni-tegminifera,P-sloanei,P-gigantea,P-tryoni-tryoni,N-hanni
G-dilatatus_scaffold_178:577312-577484	P-tryoni-tryoni
G-dilatatus_scaffold_9:5736677-5736802	P-tryoni-tryoni,P-sloanei,N-dahmsi,P-cribrata,P-lata,P-gigantea,M-lithgowae,P-tryoni-tegminifera,P-tryoni-tryoni-Eungella
G-dilatatus_scaffold_28:1363377-1363463	M-lithgowae,P-tryoni-tryoni,P-tryoni-tegminifera,P-tryoni-tryoni-Eungella
G-dilatatus_scaffold_33627:2367-2489	P-tryoni-tryoni,P-tryoni-tryoni-Eungella,P-sloanei,N-dahmsi,M-lithgowae
G-dilatatus_scaffold_329:367441-367499	P-tryoni-tryoni,N-dahmsi,M-lithgowae,P-tryoni-tryoni-Eungella,P-sloanei
G-dilatatus_scaffold_92:726668-726749	P-tryoni-tryoni-Eungella,N-hanni,P-sloanei,P-tryoni-tryoni,N-dahmsi,P-gigantea,P-tryoni-tegminifera
G-dilatatus_scaffold_5:2561787-2562017	M-lithgowae,P-tryoni-tryoni-Eungella,P-tryoni-tryoni
G-dilatatus_scaffold_45:1638319-1638438	N-dahmsi,P-tryoni-tryoni-Eungella
G-dilatatus_scaffold_17:5727085-5727162	P-tryoni-tegminifera,P-gigantea,M-lithgowae
G-dilatatus_scaffold_24:767249-767612	P-sloanei,P-tryoni-tryoni,P-tryoni-tryoni-Eungella,P-tryoni-tegminifera
G-dilatatus_scaffold_24:5278303-5278450	P-lata
G-dilatatus_scaffold_7247:5390-5504	N-dahmsi,P-tryoni-tegminifera,P-gigantea,P-tryoni-tryoni
G-dilatatus_scaffold_33783:1256-1492	P-sloanei,N-dahmsi
G-dilatatus_scaffold_701:162105-162228	N-dahmsi,P-sloanei,P-tryoni-tryoni-Eungella,P-gigantea,P-tryoni-tegminifera
G-dilatatus_scaffold_3:1336935-1337053	P-tryoni-tegminifera,M-lithgowae,N-dahmsi,P-tryoni-tryoni,P-tryoni-tryoni-Eungella,P-sloanei
G-dilatatus_scaffold_3:15068731-15068797	P-gigantea,N-dahmsi,P-lata
G-dilatatus_scaffold_150:538255-538497	P-tryoni-tryoni,P-gigantea,N-dahmsi,N-hanni,P-tryoni-tryoni-Eungella,P-sloanei,M-lithgowae
G-dilatatus_scaffold_226:801150-801208	P-tryoni-tryoni-Eungella,P-tryoni-tegminifera,M-lithgowae,P-tryoni-tryoni,P-sloanei,N-hanni,P-gigantea,D-punctata
G-dilatatus_scaffold_61:1741837-1741921	P-gigantea,P-tryoni-tryoni-Eungella,P-tryoni-tegminifera
G-dilatatus_scaffold_55755:103-232	P-tryoni-tryoni,P-tryoni-tryoni-Eungella,P-gigantea
G-dilatatus_scaffold_62:3465890-3465983	P-tryoni-tryoni,P-sloanei,M-lithgowae,N-dahmsi
G-dilatatus_scaffold_104:1333359-1333438	M-lithgowae,P-tryoni-tryoni,N-dahmsi
G-dilatatus_scaffold_10226:2731-2800	N-hanni
G-dilatatus_scaffold_47:2835833-2836133	P-cribrata,P-tryoni-tryoni,P-sloanei
G-dilatatus_scaffold_131:2030784-2030958	N-hanni
G-dilatatus_scaffold_16:5080591-5080647	P-tryoni-tryoni-Eungella,N-hanni
G-dilatatus_scaffold_106:2511825-2511924	P-tryoni-tegminifera,M-lithgowae,P-gigantea,P-tryoni-tryoni-Eungella,P-sloanei,P-cribrata,N-dahmsi,N-hanni
G-dilatatus_scaffold_30252:905-983	P-tryoni-tryoni,N-hanni,N-dahmsi,P-gigantea,P-tryoni-tegminifera,M-lithgowae
G-dilatatus_scaffold_112:969877-969934	P-tryoni-tryoni,P-sloanei
G-dilatatus_scaffold_338:90476-90699	M-lithgowae,P-tryoni-tegminifera,P-tryoni-tryoni,D-punctata
G-dilatatus_scaffold_162:1583487-1583546	P-tryoni-tryoni-Eungella,P-tryoni-tegminifera
G-dilatatus_scaffold_63:2953856-2953916	P-tryoni-tegminifera,N-dahmsi
G-dilatatus_scaffold_24:278640-278763	P-tryoni-tegminifera,P-tryoni-tryoni-Eungella,P-gigantea,N-dahmsi
G-dilatatus_scaffold_13:7181019-7181102	N-dahmsi,M-lithgowae,P-sloanei
G-dilatatus_scaffold_6:6393594-6393680	P-tryoni-tryoni-Eungella,N-dahmsi
G-dilatatus_scaffold_24:1374691-1374832	M-lithgowae,P-tryoni-tryoni-Eungella
G-dilatatus_scaffold_6:11020361-11020413	P-tryoni-tryoni,M-lithgowae,D-punctata,N-hanni,P-sloanei
G-dilatatus_scaffold_317:698859-698945	M-lithgowae,P-tryoni-tryoni-Eungella,N-dahmsi
G-dilatatus_scaffold_84:1457801-1457872	P-tryoni-tryoni-Eungella,P-tryoni-tegminifera,P-tryoni-tryoni,P-sloanei,P-gigantea
G-dilatatus_scaffold_13:5652048-5652127	N-dahmsi,P-tryoni-tryoni-Eungella,P-tryoni-tegminifera,N-hanni,P-tryoni-tryoni,P-gigantea,D-punctata,P-lata
G-dilatatus_scaffold_63:501300-501381	P-tryoni-tryoni-Eungella,P-tryoni-tegminifera,P-tryoni-tryoni,M-lithgowae,P-lata,P-cribrata
G-dilatatus_scaffold_457:130620-130696	P-tryoni-tryoni,P-tryoni-tegminifera,P-sloanei,M-lithgowae
G-dilatatus_scaffold_20993:1660-1724	P-tryoni-tryoni,P-sloanei,M-lithgowae
G-dilatatus_scaffold_110:246849-246911	N-dahmsi
G-dilatatus_scaffold_20:9311686-9311764	P-tryoni-tegminifera,P-gigantea,N-dahmsi,P-tryoni-tryoni,M-lithgowae,D-punctata
G-dilatatus_scaffold_561:133187-133264	P-sloanei,P-tryoni-tegminifera,M-lithgowae,P-gigantea
G-dilatatus_scaffold_10:5190278-5190342	P-gigantea,P-tryoni-tryoni-Eungella,P-tryoni-tegminifera,N-dahmsi
G-dilatatus_scaffold_111:1839384-1839506	P-tryoni-tryoni-Eungella
G-dilatatus_scaffold_172:1299177-1299469	P-gigantea,P-tryoni-tegminifera,N-hanni
G-dilatatus_scaffold_12:4695695-4696161	P-tryoni-tryoni-Eungella
G-dilatatus_scaffold_28:7536284-7536369	P-tryoni-tegminifera,M-lithgowae,N-hanni
G-dilatatus_scaffold_446:153672-153819	P-tryoni-tegminifera,P-gigantea,P-tryoni-tryoni-Eungella,M-lithgowae,P-tryoni-tryoni,N-dahmsi
G-dilatatus_scaffold_128:572265-572424	P-tryoni-tryoni-Eungella
G-dilatatus_scaffold_23:5085800-5085903	P-tryoni-tegminifera,P-gigantea
G-dilatatus_scaffold_7362:1941-2029	P-gigantea,P-tryoni-tryoni-Eungella,N-dahmsi,P-tryoni-tryoni
G-dilatatus_scaffold_37:812755-812811	P-tryoni-tegminifera,P-gigantea
G-dilatatus_scaffold_106:3282669-3282829	P-tryoni-tryoni-Eungella,N-dahmsi,M-lithgowae,P-sloanei,N-hanni,P-tryoni-tryoni
G-dilatatus_scaffold_313:166017-166112	N-dahmsi,P-tryoni-tryoni,D-punctata,P-tryoni-tryoni-Eungella
G-dilatatus_scaffold_153:350167-350274	P-tryoni-tryoni,P-tryoni-tryoni-Eungella,N-dahmsi,P-tryoni-tegminifera,P-gigantea,N-hanni
G-dilatatus_scaffold_17146:3276-3346	P-tryoni-tegminifera,N-hanni,P-gigantea,N-dahmsi,P-lata,P-cribrata,P-tryoni-tryoni
G-dilatatus_scaffold_28:1884690-1884842	N-hanni,P-gigantea,P-tryoni-tegminifera,P-tryoni-tryoni,M-lithgowae
G-dilatatus_scaffold_20:4753012-4753146	P-tryoni-tryoni,P-tryoni-tegminifera,N-hanni,P-gigantea,N-dahmsi,P-lata,P-cribrata
G-dilatatus_scaffold_13:5911351-5911440	M-lithgowae,P-tryoni-tegminifera,N-dahmsi
G-dilatatus_scaffold_123:2888927-2889007	P-tryoni-tegminifera,P-gigantea,P-tryoni-tryoni,P-sloanei,N-hanni,N-dahmsi,P-tryoni-tryoni-Eungella,P-cribrata
G-dilatatus_scaffold_5:15394135-15394424	P-tryoni-tryoni-Eungella,P-tryoni-tegminifera,P-gigantea,P-tryoni-tryoni,N-dahmsi
G-dilatatus_scaffold_26:8356014-8356354	M-lithgowae,N-hanni,N-dahmsi,P-tryoni-tryoni
G-dilatatus_scaffold_13:3534705-3534784	N-dahmsi
G-dilatatus_scaffold_256:655977-656053	M-lithgowae,P-tryoni-tryoni-Eungella,N-hanni,N-dahmsi
G-dilatatus_scaffold_30832:3658-3841	P-sloanei,N-hanni,P-tryoni-tegminifera,N-dahmsi
G-dilatatus_scaffold_55302:1149-1299	P-sloanei,P-gigantea,P-tryoni-tryoni,P-tryoni-tryoni-Eungella,P-tryoni-tegminifera,M-lithgowae,N-dahmsi,P-lata,P-cribrata
G-dilatatus_scaffold_12:3977302-3977359	P-tryoni-tryoni,P-tryoni-tryoni-Eungella,P-tryoni-tegminifera
G-dilatatus_scaffold_18:4023571-4023688	N-dahmsi,P-tryoni-tryoni-Eungella,N-hanni
G-dilatatus_scaffold_2:11602030-11602166	P-gigantea,N-hanni,N-dahmsi,P-sloanei
G-dilatatus_scaffold_28686:1570-1662	M-lithgowae,P-tryoni-tryoni-Eungella,P-tryoni-tryoni,N-hanni
G-dilatatus_scaffold_33:5662815-5662897	P-tryoni-tryoni-Eungella,P-gigantea,P-tryoni-tryoni,N-dahmsi,M-lithgowae,P-tryoni-tegminifera,N-hanni
G-dilatatus_scaffold_131:1589765-1589868	P-tryoni-tryoni
G-dilatatus_scaffold_4:1353974-1354180	P-gigantea,P-tryoni-tryoni-Eungella,N-dahmsi,P-tryoni-tegminifera,P-tryoni-tryoni,M-lithgowae,N-hanni,P-sloanei
G-dilatatus_scaffold_57:4915307-4915360	N-hanni
G-dilatatus_scaffold_1206:20396-20675	P-sloanei,N-dahmsi,P-tryoni-tryoni-Eungella,P-gigantea,P-tryoni-tryoni,M-lithgowae
G-dilatatus_scaffold_21815:22-339	N-hanni
G-dilatatus_scaffold_118:2769200-2769482	P-sloanei,P-tryoni-tryoni-Eungella
G-dilatatus_scaffold_66:3583083-3583589	P-sloanei
G-dilatatus_scaffold_101:2417421-2417504	P-tryoni-tryoni-Eungella,P-tryoni-tegminifera,P-gigantea,N-dahmsi,P-tryoni-tryoni,M-lithgowae
G-dilatatus_scaffold_8:7481254-7481430	P-sloanei
G-dilatatus_scaffold_4:16010800-16010856	P-tryoni-tryoni,P-sloanei,M-lithgowae
G-dilatatus_scaffold_12:3724331-3724398	M-lithgowae,P-sloanei
G-dilatatus_scaffold_109:542667-542731	P-tryoni-tegminifera,P-gigantea
G-dilatatus_scaffold_19537:2052-2123	P-tryoni-tegminifera,M-lithgowae,N-dahmsi,P-tryoni-tryoni,P-tryoni-tryoni-Eungella,N-hanni,P-sloanei,P-gigantea
G-dilatatus_scaffold_95:3205419-3205553	P-sloanei,M-lithgowae,P-gigantea,P-tryoni-tegminifera
G-dilatatus_scaffold_9:6108345-6108540	N-hanni
G-dilatatus_scaffold_85:2414707-2414792	P-sloanei,P-tryoni-tegminifera,P-gigantea,M-lithgowae,P-tryoni-tryoni-Eungella
G-dilatatus_scaffold_9162:7419-7565	P-tryoni-tegminifera,M-lithgowae,P-gigantea,N-dahmsi
G-dilatatus_scaffold_73:2168254-2168328	P-gigantea,P-tryoni-tryoni,P-sloanei,M-lithgowae,P-tryoni-tegminifera,N-dahmsi
G-dilatatus_scaffold_118:732866-733003	N-hanni,P-tryoni-tegminifera,P-sloanei,P-gigantea,P-tryoni-tryoni,P-tryoni-tryoni-Eungella,N-dahmsi,M-lithgowae
G-dilatatus_scaffold_2076:14555-14792	P-sloanei,N-hanni
G-dilatatus_scaffold_12:7160831-7160949	P-tryoni-tryoni-Eungella
G-dilatatus_scaffold_3:1335994-1336492	P-sloanei,P-tryoni-tryoni,P-tryoni-tryoni-Eungella,M-lithgowae
G-dilatatus_scaffold_28:8812083-8812145	M-lithgowae
G-dilatatus_scaffold_13064:1944-2070	P-gigantea,P-tryoni-tegminifera
G-dilatatus_scaffold_25:398323-398431	P-tryoni-tryoni,P-tryoni-tryoni-Eungella
G-dilatatus_scaffold_86:3267170-3267311	M-lithgowae
G-dilatatus_scaffold_733:68013-68131	P-sloanei,P-tryoni-tryoni-Eungella,P-lata
G-dilatatus_scaffold_407:453584-453755	N-dahmsi
G-dilatatus_scaffold_76:1303234-1303351	N-dahmsi,M-lithgowae,P-tryoni-tryoni,D-punctata
G-dilatatus_scaffold_12:4696764-4697135	N-hanni
G-dilatatus_scaffold_26:8412951-8413035	P-tryoni-tryoni,P-gigantea,M-lithgowae
G-dilatatus_scaffold_32952:3814-3888	N-dahmsi,P-cribrata,N-hanni,M-lithgowae,P-tryoni-tryoni-Eungella
G-dilatatus_scaffold_293:653076-653155	P-tryoni-tryoni,P-gigantea,P-tryoni-tegminifera,M-lithgowae
G-dilatatus_scaffold_80182:50-245	P-lata,P-gigantea,P-tryoni-tryoni,D-punctata
G-dilatatus_scaffold_546:101967-102362	P-tryoni-tryoni
G-dilatatus_scaffold_26:102613-102705	P-tryoni-tryoni,M-lithgowae,P-tryoni-tryoni-Eungella,P-tryoni-tegminifera,P-gigantea
G-dilatatus_scaffold_19:863164-863389	P-tryoni-tryoni,N-dahmsi,P-tryoni-tryoni-Eungella,D-punctata
G-dilatatus_scaffold_25:3258105-3258155	P-sloanei,D-punctata
G-dilatatus_scaffold_124:754906-754961	P-tryoni-tryoni-Eungella,P-gigantea,N-dahmsi,M-lithgowae,P-tryoni-tryoni
G-dilatatus_scaffold_49:4836055-4836176	P-gigantea,P-tryoni-tegminifera,N-hanni,P-tryoni-tryoni
G-dilatatus_scaffold_152:516219-516303	P-cribrata,M-lithgowae,N-dahmsi,P-gigantea,P-tryoni-tryoni,P-tryoni-tegminifera,P-tryoni-tryoni-Eungella
G-dilatatus_scaffold_85:1677027-1677176	N-dahmsi,N-hanni,M-lithgowae,P-tryoni-tegminifera,P-tryoni-tryoni
G-dilatatus_scaffold_9:8064180-8064357	P-sloanei
G-dilatatus_scaffold_24942:1284-1475	N-dahmsi,N-hanni,P-tryoni-tegminifera,P-sloanei,M-lithgowae,P-tryoni-tryoni,P-tryoni-tryoni-Eungella
G-dilatatus_scaffold_170:798585-798769	P-tryoni-tegminifera,P-sloanei,P-tryoni-tryoni-Eungella,N-hanni,P-tryoni-tryoni,M-lithgowae,P-gigantea,N-dahmsi
G-dilatatus_scaffold_102:1524432-1524728	P-sloanei
G-dilatatus_scaffold_3:1766048-1766370	P-sloanei,P-gigantea,P-tryoni-tegminifera
G-dilatatus_scaffold_2237:14361-14485	P-tryoni-tryoni-Eungella,P-gigantea,N-dahmsi,P-tryoni-tegminifera,P-tryoni-tryoni,N-hanni
G-dilatatus_scaffold_5:11664225-11664320	M-lithgowae
G-dilatatus_scaffold_208:752227-752334	M-lithgowae,P-tryoni-tryoni,P-lata,P-cribrata,P-tryoni-tryoni-Eungella,N-dahmsi
G-dilatatus_scaffold_144:952026-952109	P-tryoni-tryoni-Eungella,N-dahmsi,M-lithgowae,P-sloanei,P-tryoni-tryoni,N-hanni
G-dilatatus_scaffold_540:197465-197569	N-dahmsi,N-hanni
G-dilatatus_scaffold_122:726199-726269	P-tryoni-tryoni,N-dahmsi,M-lithgowae,P-tryoni-tegminifera,P-tryoni-tryoni-Eungella
G-dilatatus_scaffold_140:812254-812348	P-sloanei,N-hanni,P-lata
G-dilatatus_scaffold_38:4325854-4325918	P-tryoni-tryoni
G-dilatatus_scaffold_57:5397840-5397925	P-tryoni-tryoni,M-lithgowae,P-gigantea
G-dilatatus_scaffold_47260:2019-2154	M-lithgowae
G-dilatatus_scaffold_7350:3558-3812	N-dahmsi
G-dilatatus_scaffold_71740:1106-1197	P-cribrata,D-punctata
G-dilatatus_scaffold_116:1882128-1882391	P-gigantea,N-dahmsi
G-dilatatus_scaffold_5:14840264-14840349	P-tryoni-tryoni-Eungella
G-dilatatus_scaffold_3:1333084-1333508	P-sloanei,P-tryoni-tryoni-Eungella
G-dilatatus_scaffold_3:499937-500004	D-punctata,P-tryoni-tryoni,P-tryoni-tryoni-Eungella,P-tryoni-tegminifera,P-gigantea
G-dilatatus_scaffold_25:324565-324632	P-gigantea,M-lithgowae,P-tryoni-tryoni
G-dilatatus_scaffold_114:1372406-1372587	P-sloanei
G-dilatatus_scaffold_39568:3137-3193	P-tryoni-tegminifera,P-sloanei,P-gigantea,N-dahmsi,P-tryoni-tryoni
G-dilatatus_scaffold_16845:3940-4223	P-tryoni-tryoni,P-tryoni-tegminifera
G-dilatatus_scaffold_99:1243276-1243494	P-tryoni-tegminifera
G-dilatatus_scaffold_1:23220991-23221293	P-sloanei,N-hanni,P-tryoni-tryoni
G-dilatatus_scaffold_17051:6174-6246	P-gigantea,P-tryoni-tryoni,P-tryoni-tegminifera,M-lithgowae,N-dahmsi,P-sloanei,N-hanni
G-dilatatus_scaffold_23:858602-858678	P-tryoni-tryoni-Eungella,P-tryoni-tryoni
G-dilatatus_scaffold_41270:1555-1828	N-hanni,D-punctata
G-dilatatus_scaffold_48:4337964-4338118	N-hanni,P-sloanei,P-tryoni-tryoni,M-lithgowae
G-dilatatus_scaffold_424:325076-325260	M-lithgowae,P-sloanei,P-gigantea,P-tryoni-tryoni,D-punctata
G-dilatatus_scaffold_33:159441-159633	P-sloanei,P-tryoni-tegminifera,P-tryoni-tryoni-Eungella,P-gigantea,N-dahmsi,N-hanni,D-punctata
G-dilatatus_scaffold_59781:1597-1677	P-tryoni-tryoni-Eungella,P-gigantea,P-tryoni-tegminifera
G-dilatatus_scaffold_393:73205-73292	P-gigantea,P-tryoni-tegminifera,P-sloanei,N-hanni
G-dilatatus_scaffold_188:1483750-1484071	P-tryoni-tegminifera,P-tryoni-tryoni-Eungella
G-dilatatus_scaffold_82:2887561-2887648	P-sloanei,N-hanni
G-dilatatus_scaffold_28188:2677-2819	P-gigantea,N-dahmsi,M-lithgowae,P-tryoni-tegminifera,P-lata,P-cribrata
G-dilatatus_scaffold_15117:1631-1691	P-tryoni-tegminifera,P-tryoni-tryoni-Eungella
G-dilatatus_scaffold_346:652371-652535	P-gigantea,P-tryoni-tryoni,N-dahmsi,P-tryoni-tegminifera,P-tryoni-tryoni-Eungella,P-lata
G-dilatatus_scaffold_1:17980752-17980866	P-tryoni-tryoni,P-gigantea,N-dahmsi,P-tryoni-tryoni-Eungella
G-dilatatus_scaffold_47050:2137-2197	M-lithgowae,N-dahmsi,P-tryoni-tegminifera,P-sloanei,P-tryoni-tryoni-Eungella
G-dilatatus_scaffold_36:1594250-1594342	M-lithgowae,P-tryoni-tryoni-Eungella,P-sloanei,P-lata,P-tryoni-tryoni,P-cribrata,P-gigantea,N-dahmsi,D-punctata
G-dilatatus_scaffold_23:6702986-6703186	P-tryoni-tryoni,N-hanni,P-tryoni-tegminifera,P-sloanei,N-dahmsi,P-gigantea,M-lithgowae
G-dilatatus_scaffold_400:373811-373872	P-gigantea,P-cribrata
G-dilatatus_scaffold_189:381941-382002	P-tryoni-tryoni,P-tryoni-tryoni-Eungella,P-tryoni-tegminifera,N-dahmsi,M-lithgowae,P-gigantea
G-dilatatus_scaffold_2780:699-785	P-tryoni-tryoni
G-dilatatus_scaffold_82:982415-982473	N-dahmsi
G-dilatatus_scaffold_19676:1742-1798	P-tryoni-tryoni-Eungella,P-tryoni-tryoni,P-sloanei,P-gigantea,N-dahmsi,M-lithgowae
G-dilatatus_scaffold_52:4248267-4248512	P-tryoni-tryoni,P-tryoni-tegminifera,M-lithgowae,P-tryoni-tryoni-Eungella,N-dahmsi
G-dilatatus_scaffold_20:277716-277785	P-tryoni-tryoni-Eungella,P-sloanei,N-hanni,P-tryoni-tryoni
G-dilatatus_scaffold_485:372173-372225	P-tryoni-tryoni,P-tryoni-tegminifera,P-sloanei,N-hanni,M-lithgowae,P-gigantea
G-dilatatus_scaffold_26:1403672-1403829	P-sloanei,P-tryoni-tryoni-Eungella,N-dahmsi,P-gigantea
G-dilatatus_scaffold_113:3386961-3387056	P-sloanei,N-hanni,N-dahmsi,P-gigantea,P-tryoni-tryoni-Eungella,M-lithgowae,P-tryoni-tegminifera
G-dilatatus_scaffold_65465:191-342	N-hanni,P-sloanei
G-dilatatus_scaffold_67:2200977-2201448	N-hanni,P-sloanei,P-tryoni-tryoni,N-dahmsi
G-dilatatus_scaffold_130:289251-289306	P-tryoni-tryoni,P-tryoni-tegminifera,N-hanni,P-sloanei
G-dilatatus_scaffold_102:1161192-1161349	N-hanni
G-dilatatus_scaffold_7:1874905-1875046	P-tryoni-tegminifera,P-tryoni-tryoni,P-sloanei,N-dahmsi,N-hanni,P-tryoni-tryoni-Eungella,P-gigantea
G-dilatatus_scaffold_230:1112344-1112644	M-lithgowae
G-dilatatus_scaffold_195:1377040-1377216	N-dahmsi,P-gigantea
G-dilatatus_scaffold_16:7223786-7224028	P-lata,P-cribrata
G-dilatatus_scaffold_152:1122843-1123037	P-tryoni-tryoni-Eungella,M-lithgowae,N-dahmsi,P-tryoni-tryoni
G-dilatatus_scaffold_178:383397-383518	M-lithgowae,P-tryoni-tegminifera,N-hanni,P-tryoni-tryoni
G-dilatatus_scaffold_41:3428516-3428651	P-sloanei,N-hanni,P-tryoni-tryoni
G-dilatatus_scaffold_248:604141-604264	P-sloanei
G-dilatatus_scaffold_83:3365407-3365602	P-tryoni-tegminifera,P-tryoni-tryoni-Eungella,M-lithgowae,P-sloanei
G-dilatatus_scaffold_12:8673148-8673323	M-lithgowae,P-tryoni-tryoni,P-tryoni-tegminifera,P-gigantea
G-dilatatus_scaffold_95:1798990-1799064	M-lithgowae
G-dilatatus_scaffold_208:1146570-1146873	P-sloanei
G-dilatatus_scaffold_39:5111505-5111776	P-gigantea,M-lithgowae,P-tryoni-tegminifera
G-dilatatus_scaffold_6:8072714-8072804	P-tryoni-tegminifera
G-dilatatus_scaffold_159:1435947-1436129	P-sloanei,P-tryoni-tegminifera,P-gigantea,N-hanni,N-dahmsi
G-dilatatus_scaffold_200:498285-498434	P-tryoni-tryoni-Eungella,P-sloanei,M-lithgowae,P-tryoni-tegminifera,P-cribrata,N-dahmsi,P-lata
G-dilatatus_scaffold_57076:0-161	P-tryoni-tryoni,M-lithgowae
G-dilatatus_scaffold_221:824099-824410	P-sloanei,P-tryoni-tryoni-Eungella,N-hanni,N-dahmsi
G-dilatatus_scaffold_17:2805666-2805718	P-tryoni-tryoni-Eungella,P-gigantea
G-dilatatus_scaffold_23:8862530-8862792	P-tryoni-tegminifera,P-gigantea,P-sloanei,M-lithgowae,P-tryoni-tryoni-Eungella,P-tryoni-tryoni,N-dahmsi
G-dilatatus_scaffold_52767:1279-1342	M-lithgowae,P-cribrata,P-lata,P-tryoni-tryoni,P-sloanei
G-dilatatus_scaffold_31:3880174-3880233	P-tryoni-tegminifera,P-gigantea,M-lithgowae,P-tryoni-tryoni,N-hanni
G-dilatatus_scaffold_28670:1201-1333	P-gigantea
G-dilatatus_scaffold_151:1955133-1955283	P-tryoni-tryoni,P-tryoni-tryoni-Eungella,P-sloanei,P-lata,P-cribrata,N-dahmsi,P-gigantea,P-tryoni-tegminifera,M-lithgowae
G-dilatatus_scaffold_750:104839-104941	P-tryoni-tegminifera
G-dilatatus_scaffold_5:6411066-6411198	P-gigantea,P-sloanei,N-hanni,P-tryoni-tegminifera,N-dahmsi
G-dilatatus_scaffold_10:9361163-9361303	P-sloanei,N-dahmsi,M-lithgowae
G-dilatatus_scaffold_83113:830-899	P-tryoni-tryoni-Eungella,N-dahmsi,P-tryoni-tryoni
G-dilatatus_scaffold_33:3425542-3425604	M-lithgowae
G-dilatatus_scaffold_127:2052890-2052956	P-tryoni-tegminifera,P-gigantea,P-tryoni-tryoni,M-lithgowae,N-dahmsi
G-dilatatus_scaffold_82:4025288-4025342	N-dahmsi,P-lata,P-cribrata
G-dilatatus_scaffold_20930:3048-3120	P-tryoni-tegminifera,P-gigantea,P-tryoni-tryoni-Eungella,P-cribrata,N-dahmsi,P-tryoni-tryoni
G-dilatatus_scaffold_3:13974449-13974499	P-tryoni-tryoni-Eungella,P-tryoni-tegminifera,N-dahmsi
G-dilatatus_scaffold_3:12717010-12717360	P-gigantea,P-tryoni-tegminifera,P-tryoni-tryoni
G-dilatatus_scaffold_65:4331300-4331485	N-hanni
G-dilatatus_scaffold_13695:3372-3568	P-tryoni-tegminifera,N-hanni,P-gigantea,P-tryoni-tryoni
G-dilatatus_scaffold_127:2874435-2874728	P-gigantea,N-hanni,P-tryoni-tryoni-Eungella,M-lithgowae
G-dilatatus_scaffold_3010:4400-4460	P-tryoni-tryoni-Eungella,P-sloanei,N-hanni,N-dahmsi,P-tryoni-tegminifera,P-gigantea,M-lithgowae
G-dilatatus_scaffold_2006:16373-16469	P-tryoni-tryoni-Eungella,M-lithgowae
G-dilatatus_scaffold_66:4802741-4802967	NA
