Chromosome	Start	End	Feature_Type	Details	Reads
PYGN01000014.1	1916965	1917082	intergenic	.	CP001429.2_2236,CP001487.1_2143,CP142614.1_1941,CP142623.1_188
PYGN01000023.1	2069578	2069738	intergenic	.	AP012548.1_4119,CP001429.2_4165,CP001487.1_208,CP142614.1_3843,CP142623.1_2507
PYGN01000024.1	2288218	2288314	2294413	gene	CP001487.1_1787,CP001487.1_1788
PYGN01000024.1	2288218	2288314	2294413	mRNA	CP001487.1_1787,CP001487.1_1788
PYGN01000034.1	1496642	1497099	intergenic	.	AP012548.1_2033,CP001487.1_2332,CP001487.1_2333,CP001487.1_2334,CP142614.1_1750
PYGN01000034.1	1897811	1897897	intergenic	.	AP012548.1_3366,CP001487.1_964
PYGN01000042.1	1359529	1359777	intergenic	.	AP012548.1_1351,AP012548.1_813,CP001487.1_3014,CP001487.1_3019,CP001487.1_3534,CP142614.1_1068,CP142614.1_531
PYGN01000050.1	2617762	2617889	intergenic	.	AP012548.1_1364,CP001487.1_3000,CP001487.1_3001,CP142614.1_1081,CP142623.1_1047
PYGN01000056.1	553248	553473	intergenic	.	CP001487.1_4184,CP001487.1_4185
PYGN01000067.1	646574	646708	intergenic	.	CP001487.1_2554,CP001487.1_2555,CP003000.1_842
PYGN01000072.1	239539	239689	intergenic	.	CP001487.1_301,CP142623.1_2597
PYGN01000073.1	95782	95863	99863	gene	CP001487.1_98
PYGN01000073.1	95782	95863	99863	mRNA	CP001487.1_98
PYGN01000084.1	1059489	1059579	intergenic	.	CP001487.1_3407,CP001487.1_3408
PYGN01000095.1	1408648	1408742	intergenic	.	AP012548.1_854,CP001429.2_861,CP001487.1_3494,CP003000.1_1690,CP142614.1_572,CP142623.1_1560
PYGN01000107.1	694180	694293	intergenic	.	CP001487.1_2914
PYGN01000113.1	1287506	1287634	intergenic	.	CP001487.1_1807,CP001487.1_1808
PYGN01000122.1	416226	416358	intergenic	.	AP012548.1_1728,CP001429.2_1735,CP001487.1_2637,CP142614.1_1444,CP142623.1_685
PYGN01000126.1	1056386	1056509	intergenic	.	CP001429.2_3140,CP003000.1_2879
PYGN01000126.1	1748238	1748532	intergenic	.	CP001429.2_2956,CP001487.1_1405,CP003000.1_2701
PYGN01000126.1	2866437	2866707	intergenic	.	AP012548.1_2739,CP001429.2_2774,CP142614.1_2458,CP142614.1_2460,CP142623.1_3881,CP142623.1_3883
PYGN01000129.1	923229	923778	928478	gene	AP012548.1_3067,AP012548.1_3071,CP001487.1_1256,CP001487.1_1257,CP001487.1_1259,CP001487.1_1260,CP001487.1_1261,CP142614.1_2796,CP142614.1_2800,CP142623.1_3550,CP142623.1_3555
PYGN01000129.1	923229	923778	928478	mRNA	AP012548.1_3067,AP012548.1_3071,CP001487.1_1256,CP001487.1_1257,CP001487.1_1259,CP001487.1_1260,CP001487.1_1261,CP142614.1_2796,CP142614.1_2800,CP142623.1_3550,CP142623.1_3555
PYGN01000131.1	193093	193263	intergenic	.	AP012548.1_857,CP001487.1_3490,CP001487.1_3491,CP001487.1_850,CP003000.1_1687,CP142614.1_575
PYGN01000143.1	920342	920451	926103	gene	AP012548.1_1898,CP001487.1_2466,CP142614.1_1614,CP142623.1_514
PYGN01000143.1	920342	920451	926103	mRNA	AP012548.1_1898,CP001487.1_2466,CP142614.1_1614,CP142623.1_514
PYGN01000143.1	1547071	1547225	1553372	gene	CP001487.1_1354
PYGN01000143.1	1547071	1547225	1553372	mRNA	CP001487.1_1354
PYGN01000150.1	159850	160030	238829	gene	CP001487.1_3530,CP001487.1_3531
PYGN01000150.1	159850	160030	238829	mRNA	CP001487.1_3530,CP001487.1_3531
PYGN01000157.1	1472998	1473078	intergenic	.	AP012548.1_1322,CP001487.1_3042,CP142614.1_1040,CP142623.1_1089
PYGN01000176.1	1483337	1483594	1529534	gene	AP012548.1_2971,AP012548.1_2972,CP001487.1_1355,CP001487.1_1356,CP142614.1_2700
PYGN01000176.1	1483337	1483594	1529534	mRNA	AP012548.1_2971,AP012548.1_2972,CP001487.1_1355,CP001487.1_1356,CP142614.1_2700
PYGN01000179.1	10389	10477	intergenic	.	AP012548.1_306,CP003000.1_262,CP142614.1_22
PYGN01000179.1	505747	505841	intergenic	.	CP001429.2_2402
PYGN01000179.1	804266	804417	intergenic	.	AP012548.1_3206,AP012548.1_968,CP001487.1_1123,CP003000.1_2978,CP142623.1_3414
PYGN01000226.1	716251	716346	intergenic	.	CP142614.1_2529
PYGN01000229.1	1757733	1757862	1757934	three_prime_UTR	CP001429.2_2277,CP001487.1_1273,CP001487.1_2104
PYGN01000229.1	1757733	1757862	1758026	exon	CP001429.2_2277,CP001487.1_1273,CP001487.1_2104
PYGN01000229.1	1757733	1757862	1758412	gene	CP001429.2_2277,CP001487.1_1273,CP001487.1_2104
PYGN01000229.1	1757733	1757862	1758412	mRNA	CP001429.2_2277,CP001487.1_1273,CP001487.1_2104
PYGN01000229.1	1757733	1757862	1831124	gene	CP001429.2_2277,CP001487.1_1273,CP001487.1_2104
PYGN01000229.1	1757733	1757862	1831124	mRNA	CP001429.2_2277,CP001487.1_1273,CP001487.1_2104
PYGN01000234.1	399591	400069	404930	gene	AP012548.1_707,CP001429.2_1215,CP001487.1_3638,CP001487.1_3639,CP001487.1_3640,CP003000.1_1834,CP142614.1_425,CP142623.1_1707
PYGN01000234.1	399591	400069	404930	mRNA	AP012548.1_707,CP001429.2_1215,CP001487.1_3638,CP001487.1_3639,CP001487.1_3640,CP003000.1_1834,CP142614.1_425,CP142623.1_1707
PYGN01000286.1	834400	834486	intergenic	.	CP001487.1_303
PYGN01000293.1	83839	84046	intergenic	.	CP001487.1_1007,CP001487.1_2674
PYGN01000353.1	881533	881641	intergenic	.	CP001487.1_294,CP001487.1_3881
PYGN01000381.1	90717	90793	247994	gene	CP001487.1_804
PYGN01000381.1	90717	90793	247994	mRNA	CP001487.1_804
PYGN01000385.1	75095	75652	intergenic	.	AP012548.1_3122,CP001429.2_3157,CP001429.2_3159,CP001487.1_1206,CP142614.1_2851
PYGN01000385.1	75962	76057	intergenic	.	AP012548.1_3117,CP142614.1_2846
PYGN01000385.1	76510	76603	intergenic	.	AP012548.1_3113,CP142614.1_2842
PYGN01000385.1	76956	77056	intergenic	.	CP142623.1_3511
PYGN01000385.1	78569	78701	intergenic	.	CP001429.2_3137
PYGN01000385.1	116231	116323	intergenic	.	AP012548.1_2192,CP001429.2_2200,CP001487.1_2174,CP003000.1_483,CP142614.1_1909,CP142623.1_220
PYGN01000385.1	252729	252836	intergenic	.	CP001429.2_2972
PYGN01000385.1	275787	275871	intergenic	.	CP001487.1_1324
PYGN01000385.1	503034	503181	intergenic	.	AP012548.1_2409,CP001487.1_1957,CP003000.1_2166,CP142614.1_2128,CP142623.1_2
PYGN01000385.1	503464	504511	intergenic	.	AP012548.1_2401,AP012548.1_2402,AP012548.1_2403,AP012548.1_2404,AP012548.1_2405,AP012548.1_2407,CP001429.2_2415,CP001429.2_2416,CP001429.2_2417,CP001429.2_2419,CP001487.1_1962,CP001487.1_1964,CP001487.1_1965,CP001487.1_1966,CP003000.1_2157,CP003000.1_2158,CP003000.1_2159,CP003000.1_2161,CP142614.1_2120,CP142614.1_2121,CP142614.1_2122,CP142614.1_2123,CP142614.1_2124,CP142623.1_10,CP142623.1_11,CP142623.1_5,CP142623.1_7,CP142623.1_9
PYGN01000385.1	504793	504907	intergenic	.	AP012548.1_2398,CP001429.2_2413,CP001487.1_1968,CP003000.1_2155,CP142614.1_2117,CP142623.1_13
PYGN01000385.1	505246	505914	intergenic	.	AP012548.1_2392,AP012548.1_2393,AP012548.1_2394,AP012548.1_2395,CP001429.2_2406,CP001429.2_2407,CP001429.2_2408,CP001429.2_2409,CP001487.1_1972,CP001487.1_1973,CP001487.1_1974,CP003000.1_2149,CP003000.1_2150,CP003000.1_2151,CP142614.1_2111,CP142614.1_2112,CP142614.1_2113,CP142623.1_17,CP142623.1_18,CP142623.1_19
PYGN01000385.1	506385	506977	intergenic	.	AP012548.1_2384,AP012548.1_2386,AP012548.1_2387,CP001429.2_2401,CP001487.1_1980,CP003000.1_2141,CP003000.1_2143,CP003000.1_2144,CP142614.1_2105,CP142623.1_25,CP142623.1_27
PYGN01000385.1	507278	507612	intergenic	.	AP012548.1_2380,AP012548.1_2381,CP001429.2_2395,CP001429.2_2396,CP001487.1_1985,CP001487.1_1986,CP003000.1_2137,CP003000.1_2138,CP142614.1_2099,CP142614.1_2100,CP142623.1_31
PYGN01000385.1	649899	650013	intergenic	.	AP012548.1_2812,CP001429.2_2845,CP142614.1_2541
PYGN01000429.1	963956	964076	intergenic	.	CP001487.1_3977
PYGN01000434.1	216791	216887	1064252	mRNA	AP012548.1_1220,CP001487.1_3144,CP001487.1_3145,CP142614.1_937
PYGN01000434.1	216791	216887	1083337	gene	AP012548.1_1220,CP001487.1_3144,CP001487.1_3145,CP142614.1_937
PYGN01000473.1	603193	603414	intergenic	.	CP001487.1_2327,CP001487.1_4114,CP001487.1_4115
PYGN01000476.1	811231	811360	intergenic	.	CP001487.1_2263,CP003000.1_564
PYGN01000526.1	52552	52782	intergenic	.	AP012548.1_1732,AP012548.1_1733,CP001429.2_1739,CP001487.1_1360,CP001487.1_2632,CP001487.1_2633,CP003000.1_920,CP142614.1_1448,CP142614.1_1449,CP142623.1_680,CP142623.1_681
PYGN01000543.1	833296	833389	914402	gene	AP012548.1_309,CP001487.1_4051,CP003000.1_265,CP142614.1_25,CP142623.1_2100
PYGN01000543.1	833296	833389	914402	mRNA	AP012548.1_309,CP001487.1_4051,CP003000.1_265,CP142614.1_25,CP142623.1_2100
PYGN01000558.1	588687	588817	intergenic	.	CP001487.1_1225,CP003000.1_2878,CP142623.1_3519
PYGN01000558.1	608294	608580	intergenic	.	AP012548.1_4134,AP012548.1_4135,CP001429.2_4179,CP001487.1_193,CP001487.1_194,CP003000.1_3833,CP142614.1_3857,CP142614.1_3858,CP142623.1_2492,CP142623.1_2493
PYGN01000600.1	737519	737630	intergenic	.	CP001487.1_755
PYGN01000613.1	527248	527290	intergenic	.	CP001487.1_204,CP001487.1_205
PYGN01000613.1	527248	527327	527444	five_prime_UTR	CP001487.1_204,CP001487.1_205
PYGN01000613.1	527248	527327	527455	exon	CP001487.1_204,CP001487.1_205
PYGN01000613.1	527248	527327	544312	gene	CP001487.1_204,CP001487.1_205
PYGN01000613.1	527248	527327	544312	mRNA	CP001487.1_204,CP001487.1_205
PYGN01000634.1	55180	55382	intergenic	.	CP001487.1_3201,CP001487.1_3202
PYGN01000694.1	709383	709901	intergenic	.	AP012548.1_4162,CP001429.2_4207,CP001487.1_1011,CP001487.1_166,CP001487.1_2266,CP001487.1_2725,CP001487.1_3240,CP001487.1_3533,CP142614.1_2660,CP142614.1_3885,CP142623.1_2465
PYGN01000696.1	53699	53775	58561	gene	CP001487.1_296
PYGN01000696.1	53699	53775	58561	mRNA	CP001487.1_296
PYGN01000818.1	783434	783509	808738	gene	CP001487.1_1291
PYGN01000818.1	783434	783509	808738	mRNA	CP001487.1_1291
PYGN01000848.1	245065	245155	intergenic	.	AP012548.1_2757,CP001487.1_1568,CP142614.1_2476,CP142623.1_3865
PYGN01000848.1	377385	377561	intergenic	.	AP012548.1_2741,AP012548.1_2742,CP001487.1_1583,CP142614.1_2460,CP142614.1_2461,CP142623.1_3880
PYGN01000848.1	378590	378931	intergenic	.	AP012548.1_2732,CP001429.2_2767,CP003000.1_2525,CP142614.1_2451,CP142623.1_3890
PYGN01000848.1	437579	437668	intergenic	.	CP003000.1_3630
PYGN01000848.1	654712	654789	intergenic	.	CP003000.1_1863
PYGN01000848.1	717013	717112	intergenic	.	CP001429.2_498,CP001487.1_3858
PYGN01000853.1	24294	24516	intergenic	.	AP012548.1_3604,CP001487.1_727,CP001487.1_728,CP003000.1_3368,CP003000.1_3369,CP142614.1_3333,CP142623.1_3022
PYGN01000865.1	794430	794506	intergenic	.	CP001487.1_4241
PYGN01000875.1	497750	497841	intergenic	.	CP001487.1_2015
PYGN01000890.1	979407	979556	intergenic	.	AP012548.1_1521,CP001487.1_2844,CP142614.1_1238,CP142623.1_890
PYGN01000903.1	25055	25134	intergenic	.	AP012548.1_3156,CP001487.1_1172,CP003000.1_2931,CP142623.1_3465,CP142623.1_3466
PYGN01000922.1	434244	434419	intergenic	.	CP001429.2_2420,CP001487.1_1961,CP003000.1_2162
PYGN01000951.1	768310	768439	intergenic	.	CP001487.1_2390,CP001487.1_3387
PYGN01000953.1	54513	54648	intergenic	.	AP012548.1_1394,CP001487.1_2971,CP142614.1_1111,CP142623.1_1018
PYGN01001024.1	96045	96202	145344	gene	CP001487.1_903
PYGN01001024.1	96045	96202	145344	mRNA	CP001487.1_903
PYGN01001043.1	295173	295340	445738	gene	AP012548.1_2091,CP001487.1_2275,CP003000.1_575
PYGN01001043.1	295173	295340	445738	mRNA	AP012548.1_2091,CP001487.1_2275,CP003000.1_575
PYGN01001090.1	621149	621248	718122	gene	CP001487.1_2277
PYGN01001090.1	621149	621248	718122	mRNA	CP001487.1_2277
PYGN01001093.1	396402	396485	488269	gene	CP001487.1_956
PYGN01001093.1	396402	396485	488269	mRNA	CP001487.1_956
PYGN01001093.1	396402	396485	488404	gene	CP001487.1_956
PYGN01001093.1	396402	396485	488404	mRNA	CP001487.1_956
PYGN01001098.1	290175	290580	intergenic	.	AP012548.1_3965,CP001487.1_260,CP001487.1_261,CP001487.1_364,CP001487.1_365,CP003000.1_3676,CP142614.1_3688,CP142614.1_3689,CP142623.1_2661
PYGN01001108.1	355142	355234	619765	gene	CP142614.1_2524
PYGN01001108.1	355142	355234	619765	mRNA	CP142614.1_2524
PYGN01001136.1	279461	279537	360424	gene	CP001487.1_3570
PYGN01001136.1	279461	279537	360424	mRNA	CP001487.1_3570
PYGN01001164.1	111620	111772	intergenic	.	AP012548.1_554,CP001487.1_3790,CP003000.1_1934
PYGN01001191.1	586762	586837	intergenic	.	CP003000.1_3831
PYGN01001210.1	156458	156575	intergenic	.	AP012548.1_3203,CP001487.1_1125,CP142614.1_2931,CP142623.1_3418
PYGN01001210.1	213678	213765	intergenic	.	CP142614.1_3644
PYGN01001289.1	430036	430122	intergenic	.	CP001429.2_918,CP001487.1_3435,CP001487.1_3436
PYGN01001291.1	96593	96744	intergenic	.	CP142614.1_2526
PYGN01001342.1	523987	524063	intergenic	.	CP001487.1_695
PYGN01001356.1	420094	420172	intergenic	.	CP001429.2_2514,CP001487.1_1870,CP003000.1_2246
PYGN01001383.1	42130	42258	intergenic	.	CP001429.2_2924,CP001487.1_1437,CP001487.1_1438,CP003000.1_2670
PYGN01001407.1	488102	488234	intergenic	.	CP001487.1_2812,CP001487.1_4169
PYGN01001529.1	395097	395175	432755	gene	AP012548.1_702,CP001487.1_3644,CP142614.1_420,CP142623.1_1712
PYGN01001529.1	395097	395175	432755	mRNA	AP012548.1_702,CP001487.1_3644,CP142614.1_420,CP142623.1_1712
PYGN01001562.1	54037	54165	intergenic	.	AP012548.1_32,CP001487.1_79,CP001487.1_80,CP142614.1_3972,CP142623.1_2378
PYGN01001587.1	28473	28559	intergenic	.	CP003000.1_2450
PYGN01001599.1	334925	335075	intergenic	.	CP142614.1_2101
PYGN01001599.1	887896	888000	intergenic	.	AP012548.1_1822,CP001487.1_2542,CP001487.1_2543,CP142614.1_1538,CP142623.1_590
PYGN01001604.1	1501	1655	intergenic	.	AP012548.1_1691,CP001429.2_1698,CP001487.1_2674,CP001487.1_2675,CP142614.1_1407,CP142623.1_722
PYGN01001604.1	255496	255571	intergenic	.	CP001487.1_4092,CP003000.1_224,CP142614.1_4207
PYGN01001662.1	36590	36711	intergenic	.	AP012548.1_2406,CP001429.2_2421,CP001487.1_1960,CP003000.1_2163,CP142614.1_2125,CP142623.1_6
PYGN01001687.1	88961	89047	intergenic	.	CP001487.1_445
PYGN01001702.1	83772	83915	intergenic	.	AP012548.1_2400,CP001487.1_1967,CP003000.1_2157,CP142614.1_2119,CP142623.1_12
PYGN01001713.1	147785	147868	intergenic	.	CP001487.1_673,CP142614.1_3386,CP142623.1_2968
PYGN01001748.1	249972	250127	intergenic	.	CP001487.1_147,CP001487.1_1717
PYGN01001874.1	25470	25624	49400	gene	AP012548.1_2791,CP001487.1_4159
PYGN01001874.1	25470	25624	49400	mRNA	AP012548.1_2791,CP001487.1_4159
PYGN01001879.1	48428	48515	intergenic	.	CP142614.1_2116,CP142623.1_14
PYGN01001879.1	49897	49994	intergenic	.	CP001487.1_1979,CP142614.1_2106,CP142623.1_24
PYGN01001924.1	332908	333112	intergenic	.	CP001429.2_2397,CP001487.1_1984,CP142623.1_29
PYGN01001924.1	333354	333556	intergenic	.	AP012548.1_2385,CP001429.2_2400,CP001487.1_1981,CP003000.1_2142,CP142614.1_2104,CP142623.1_26
PYGN01001971.1	103552	103681	intergenic	.	AP012548.1_2391,CP001487.1_1975,CP142614.1_2110
PYGN01001971.1	104470	104556	intergenic	.	CP001429.2_2412
PYGN01001991.1	142726	142876	intergenic	.	CP001429.2_2398,CP142623.1_28
PYGN01001991.1	145113	145189	intergenic	.	CP001429.2_2414,CP003000.1_2156,CP142614.1_2118
PYGN01002197.1	97179	97440	intergenic	.	CP001487.1_1612,CP001487.1_1613,CP003000.1_2503
PYGN01002263.1	52093	52223	intergenic	.	AP012548.1_2774,CP001429.2_2808,CP001487.1_1550,CP001487.1_1551,CP003000.1_2565,CP142614.1_2493
PYGN01002291.1	132255	132330	intergenic	.	CP001487.1_351,CP142614.1_3702,CP142623.1_2647
PYGN01002441.1	253470	253640	intergenic	.	AP012548.1_2382,CP003000.1_2139
PYGN01002453.1	6042	6140	intergenic	.	CP001487.1_691
PYGN01002505.1	41820	41986	intergenic	.	AP012548.1_428,CP001429.2_433,CP001487.1_3923,CP003000.1_378,CP003000.1_379,CP142614.1_146,CP142614.1_147,CP142623.1_1980
PYGN01002787.1	689332	689413	intergenic	.	CP001487.1_153
PYGN01002787.1	798285	798390	intergenic	.	CP001429.2_2975
PYGN01003099.1	409895	410034	intergenic	.	CP003000.1_2148
PYGN01003213.1	605337	605460	intergenic	.	AP012548.1_2396,CP001429.2_2410,CP001487.1_1971,CP003000.1_2152,CP142614.1_2114,CP142623.1_16
PYGN01003213.1	1347419	1347515	intergenic	.	AP012548.1_4111,CP001487.1_220,CP142614.1_3834,CP142623.1_2516
PYGN01003436.1	837857	837937	intergenic	.	AP012548.1_2247,CP001429.2_2261,CP001487.1_2119,CP003000.1_435,CP142614.1_1964,CP142623.1_164
PYGN01003436.1	1621352	1621435	intergenic	.	AP012548.1_1051,CP001487.1_3314,CP003000.1_1531
PYGN01003496.1	11378	11819	intergenic	.	AP012548.1_2408,AP012548.1_2411,CP001429.2_2423,CP001429.2_2425,CP001487.1_1956,CP001487.1_1958,CP003000.1_2165,CP003000.1_2167,CP142614.1_2127,CP142614.1_2130,CP142623.1_1,CP142623.1_3
PYGN01003812.1	6300	6386	intergenic	.	CP142614.1_2126
PYGN01003812.1	7957	8046	intergenic	.	AP012548.1_2397,CP001487.1_1969
PYGN01003885.1	2596	2831	intergenic	.	AP012548.1_2408,CP001429.2_2421,CP001429.2_2422,CP001487.1_1959,CP003000.1_2164,CP142623.1_4
PYGN01006688.1	4680	4768	intergenic	.	CP001429.2_2418,CP003000.1_2160,CP142623.1_8
PYGN01007404.1	13237	13319	intergenic	.	AP012548.1_2527,CP001487.1_1841,CP142614.1_2245,CP142623.1_4096
PYGN01007404.1	15128	16338	intergenic	.	AP012548.1_2547,AP012548.1_2548,AP012548.1_2551,CP001429.2_2565,CP001429.2_2566,CP001429.2_2569,CP001429.2_2570,CP001487.1_1813,CP001487.1_1814,CP001487.1_1815,CP001487.1_1816,CP001487.1_1817,CP001487.1_1818,CP001487.1_1819,CP001487.1_1820,CP001487.1_1821,CP003000.1_2296,CP003000.1_2301,CP003000.1_2302,CP142614.1_2266,CP142614.1_2267,CP142614.1_2268,CP142614.1_2269,CP142623.1_4072,CP142623.1_4073,CP142623.1_4074,CP142623.1_4075
PYGN01007404.1	19893	21012	intergenic	.	AP012548.1_2579,CP001429.2_2616,CP001487.1_1745,CP001487.1_1746,CP001487.1_1747,CP001487.1_1748,CP001487.1_1749,CP001487.1_1750,CP001487.1_1751,CP001487.1_1752,CP003000.1_2368,CP142614.1_2298,CP142623.1_4043
PYGN01008098.1	21	1102	intergenic	.	AP012548.1_767,AP012548.1_769,AP012548.1_770,AP012548.1_771,AP012548.1_772,CP001429.2_774,CP001429.2_775,CP001487.1_3573,CP001487.1_3574,CP001487.1_3575,CP001487.1_3576,CP001487.1_3577,CP001487.1_3578,CP001487.1_3579,CP001487.1_3580,CP003000.1_1773,CP142614.1_485,CP142614.1_487,CP142614.1_489,CP142614.1_490,CP142623.1_1643,CP142623.1_1644,CP142623.1_1647
PYGN01008295.1	0	1019	intergenic	.	AP012548.1_3750,AP012548.1_3751,AP012548.1_3752,AP012548.1_3753,CP001429.2_3784,CP001429.2_3785,CP001429.2_3787,CP001429.2_3788,CP001429.2_3790,CP001487.1_577,CP001487.1_578,CP001487.1_579,CP001487.1_580,CP001487.1_581,CP001487.1_582,CP001487.1_583,CP001487.1_584,CP003000.1_3503,CP003000.1_3505,CP003000.1_3508,CP142614.1_3472,CP142614.1_3473,CP142614.1_3474,CP142614.1_3475,CP142614.1_3476,CP142614.1_3477,CP142623.1_2872,CP142623.1_2873,CP142623.1_2874,CP142623.1_2875,CP142623.1_2876
PYGN01008295.1	2920	3188	intergenic	.	AP012548.1_3725,CP001429.2_3760,CP001429.2_3761,CP001487.1_606,CP001487.1_607,CP003000.1_3479,CP003000.1_3480,CP142614.1_3448,CP142623.1_2901
PYGN01008295.1	7975	9008	intergenic	.	AP012548.1_3673,AP012548.1_3675,AP012548.1_3676,AP012548.1_3677,CP001487.1_652,CP001487.1_653,CP001487.1_654,CP001487.1_655,CP001487.1_656,CP001487.1_657,CP001487.1_658,CP001487.1_659,CP003000.1_3441,CP142614.1_3396,CP142614.1_3398,CP142614.1_3399,CP142614.1_3400,CP142614.1_3402,CP142623.1_2947,CP142623.1_2949,CP142623.1_2950,CP142623.1_2951,CP142623.1_2953
PYGN01008295.1	12635	13845	intergenic	.	AP012548.1_3610,AP012548.1_3611,AP012548.1_3612,AP012548.1_3613,AP012548.1_3614,AP012548.1_3616,CP001429.2_3654,CP001429.2_3655,CP001429.2_3656,CP001429.2_3657,CP001429.2_3658,CP001429.2_3659,CP001429.2_3660,CP001487.1_715,CP001487.1_716,CP001487.1_717,CP001487.1_718,CP001487.1_719,CP001487.1_720,CP001487.1_721,CP001487.1_722,CP003000.1_3374,CP003000.1_3375,CP003000.1_3376,CP003000.1_3378,CP003000.1_3379,CP003000.1_3380,CP142614.1_3338,CP142614.1_3339,CP142614.1_3340,CP142614.1_3342,CP142614.1_3343,CP142614.1_3344,CP142623.1_3011,CP142623.1_3012,CP142623.1_3013,CP142623.1_3014,CP142623.1_3015,CP142623.1_3016,CP142623.1_3017
PYGN01008923.1	0	1091	intergenic	.	AP012548.1_1406,AP012548.1_1407,AP012548.1_1408,AP012548.1_1411,CP001429.2_1413,CP001429.2_1418,CP001487.1_2952,CP001487.1_2953,CP001487.1_2954,CP001487.1_2955,CP001487.1_2956,CP001487.1_2957,CP001487.1_2958,CP001487.1_2959,CP003000.1_1178,CP142614.1_1123,CP142614.1_1124,CP142614.1_1125,CP142623.1_1003,CP142623.1_1005,CP142623.1_1006
PYGN01008923.1	5391	6649	intergenic	.	AP012548.1_1371,AP012548.1_1373,AP012548.1_1374,AP012548.1_1376,AP012548.1_1377,CP001429.2_1378,CP001429.2_1382,CP001429.2_1383,CP001487.1_2987,CP001487.1_2988,CP001487.1_2989,CP001487.1_2990,CP001487.1_2991,CP001487.1_2992,CP001487.1_2993,CP001487.1_2994,CP001487.1_2995,CP003000.1_1211,CP142614.1_1088,CP142614.1_1091,CP142614.1_1093,CP142614.1_1095,CP142623.1_1034,CP142623.1_1036,CP142623.1_1037,CP142623.1_1038,CP142623.1_1040
PYGN01008923.1	9026	10233	intergenic	.	AP012548.1_1333,AP012548.1_1334,AP012548.1_1335,AP012548.1_1337,AP012548.1_1338,AP012548.1_1340,AP012548.1_1341,CP001429.2_1341,CP001429.2_1344,CP001429.2_1345,CP001487.1_3023,CP001487.1_3024,CP001487.1_3025,CP001487.1_3026,CP001487.1_3027,CP001487.1_3028,CP001487.1_3029,CP001487.1_3030,CP001487.1_3031,CP003000.1_1245,CP003000.1_1246,CP003000.1_1250,CP142614.1_1052,CP142614.1_1053,CP142614.1_1054,CP142614.1_1055,CP142614.1_1058,CP142623.1_1070,CP142623.1_1071,CP142623.1_1074,CP142623.1_1075,CP142623.1_1076,CP142623.1_1077,CP142623.1_1078
PYGN01008923.1	13988	14991	intergenic	.	AP012548.1_1303,AP012548.1_1304,AP012548.1_1305,AP012548.1_1306,AP012548.1_1307,AP012548.1_1309,CP001429.2_1310,CP001429.2_1313,CP001429.2_1314,CP001429.2_1315,CP001487.1_3056,CP001487.1_3057,CP001487.1_3058,CP001487.1_3059,CP001487.1_3060,CP001487.1_3061,CP001487.1_3062,CP003000.1_1274,CP003000.1_1275,CP003000.1_1277,CP003000.1_1278,CP003000.1_1279,CP003000.1_1280,CP142614.1_1020,CP142614.1_1021,CP142614.1_1022,CP142614.1_1023,CP142614.1_1024,CP142614.1_1025,CP142614.1_1026,CP142623.1_1103,CP142623.1_1104,CP142623.1_1105,CP142623.1_1106,CP142623.1_1107,CP142623.1_1108
PYGN01009033.1	79048	79180	intergenic	.	CP142623.1_30
PYGN01009507.1	0	2853	intergenic	.	AP012548.1_2930,AP012548.1_2932,AP012548.1_2934,AP012548.1_2935,AP012548.1_2936,AP012548.1_2937,AP012548.1_2938,AP012548.1_2940,AP012548.1_2941,AP012548.1_2942,AP012548.1_2943,AP012548.1_2944,CP001429.2_2963,CP001429.2_2969,CP001429.2_2970,CP001429.2_2971,CP001429.2_2973,CP001429.2_2974,CP001429.2_2978,CP001429.2_2979,CP001429.2_2981,CP001487.1_1382,CP001487.1_1383,CP001487.1_1384,CP001487.1_1385,CP001487.1_1386,CP001487.1_1387,CP001487.1_1388,CP001487.1_1389,CP001487.1_1390,CP001487.1_1391,CP001487.1_1392,CP001487.1_1393,CP001487.1_1394,CP001487.1_1395,CP001487.1_1396,CP001487.1_1397,CP001487.1_1398,CP001487.1_1399,CP001487.1_1400,CP003000.1_2710,CP003000.1_2711,CP003000.1_2712,CP003000.1_2714,CP003000.1_2715,CP003000.1_2718,CP003000.1_2719,CP003000.1_2720,CP003000.1_2721,CP003000.1_2722,CP142614.1_2659,CP142614.1_2661,CP142614.1_2662,CP142614.1_2663,CP142614.1_2664,CP142614.1_2665,CP142614.1_2666,CP142614.1_2667,CP142614.1_2668,CP142614.1_2669,CP142614.1_2670,CP142614.1_2671,CP142623.1_3680,CP142623.1_3682,CP142623.1_3683,CP142623.1_3685,CP142623.1_3686,CP142623.1_3687,CP142623.1_3688,CP142623.1_3689,CP142623.1_3690,CP142623.1_3691,CP142623.1_3693
PYGN01009507.1	5684	6722	intergenic	.	AP012548.1_3029,CP001487.1_1295,CP001487.1_1296,CP001487.1_1297,CP001487.1_1298,CP001487.1_1299,CP001487.1_1300,CP001487.1_1301,CP001487.1_1302,CP142614.1_2760,CP142623.1_3591
PYGN01010561.1	10744	10824	intergenic	.	AP012548.1_3933
PYGN01010868.1	0	1014	intergenic	.	AP012548.1_2049,AP012548.1_2050,AP012548.1_2051,AP012548.1_2052,AP012548.1_2053,AP012548.1_2054,AP012548.1_2055,CP001429.2_2057,CP001487.1_2311,CP001487.1_2312,CP001487.1_2313,CP001487.1_2314,CP001487.1_2315,CP001487.1_2316,CP001487.1_2317,CP003000.1_615,CP003000.1_616,CP142614.1_1766,CP142614.1_1767,CP142614.1_1770,CP142614.1_1771,CP142623.1_357,CP142623.1_358,CP142623.1_360,CP142623.1_362,CP142623.1_363
PYGN01010868.1	4607	5831	intergenic	.	AP012548.1_2117,AP012548.1_2118,AP012548.1_2120,AP012548.1_2121,AP012548.1_2122,AP012548.1_2123,AP012548.1_2124,CP001429.2_2125,CP001429.2_2126,CP001429.2_2130,CP001429.2_2131,CP001487.1_2241,CP001487.1_2242,CP001487.1_2243,CP001487.1_2244,CP001487.1_2245,CP001487.1_2246,CP001487.1_2247,CP001487.1_2248,CP001487.1_2249,CP003000.1_543,CP003000.1_544,CP003000.1_549,CP142614.1_1833,CP142614.1_1834,CP142614.1_1835,CP142614.1_1836,CP142614.1_1837,CP142614.1_1838,CP142614.1_1839,CP142614.1_1840,CP142614.1_1841,CP142623.1_287,CP142623.1_288,CP142623.1_289,CP142623.1_290,CP142623.1_291,CP142623.1_292,CP142623.1_293,CP142623.1_294,CP142623.1_295
PYGN01010868.1	9734	10841	intergenic	.	AP012548.1_2206,AP012548.1_2207,AP012548.1_2208,AP012548.1_2209,AP012548.1_2210,AP012548.1_2211,AP012548.1_2212,CP001429.2_2219,CP001429.2_2222,CP001487.1_2153,CP001487.1_2154,CP001487.1_2155,CP001487.1_2156,CP001487.1_2157,CP001487.1_2158,CP001487.1_2159,CP001487.1_2160,CP003000.1_467,CP142614.1_1923,CP142614.1_1924,CP142614.1_1927,CP142614.1_1928,CP142623.1_200,CP142623.1_201,CP142623.1_202,CP142623.1_203,CP142623.1_204,CP142623.1_205,CP142623.1_206
PYGN01011634.1	4790	4874	intergenic	.	CP001487.1_2931
PYGN01012272.1	2484	2684	intergenic	.	AP012548.1_2383,CP001487.1_1983,CP003000.1_2140,CP142614.1_2102
PYGN01016179.1	0	1039	intergenic	.	AP012548.1_1098,AP012548.1_1099,AP012548.1_1100,AP012548.1_1102,AP012548.1_1103,CP001429.2_1088,CP001429.2_1089,CP001429.2_1092,CP001487.1_3262,CP001487.1_3263,CP001487.1_3264,CP001487.1_3265,CP001487.1_3266,CP001487.1_3267,CP001487.1_3268,CP001487.1_3269,CP003000.1_1479,CP003000.1_1480,CP003000.1_1483,CP003000.1_1484,CP142614.1_817,CP142614.1_819,CP142614.1_821,CP142614.1_822,CP142623.1_1309,CP142623.1_1310,CP142623.1_1311,CP142623.1_1312,CP142623.1_1313
PYGN01016179.1	3646	4751	intergenic	.	AP012548.1_1062,AP012548.1_1064,AP012548.1_1067,CP001429.2_1051,CP001429.2_1052,CP001429.2_1053,CP001429.2_1057,CP001487.1_3297,CP001487.1_3298,CP001487.1_3299,CP001487.1_3300,CP001487.1_3301,CP001487.1_3302,CP001487.1_3303,CP001487.1_3304,CP003000.1_1516,CP003000.1_1518,CP142614.1_781,CP142614.1_782,CP142614.1_783,CP142614.1_784,CP142614.1_785,CP142614.1_786,CP142623.1_1346,CP142623.1_1347,CP142623.1_1348,CP142623.1_1349,CP142623.1_1350,CP142623.1_1351
PYGN01017693.1	0	1070	intergenic	.	AP012548.1_1946,AP012548.1_1947,AP012548.1_1948,AP012548.1_1950,AP012548.1_1951,AP012548.1_1952,CP001429.2_1953,CP001429.2_1954,CP001487.1_2413,CP001487.1_2414,CP001487.1_2415,CP001487.1_2416,CP001487.1_2417,CP001487.1_2418,CP001487.1_2419,CP001487.1_2420,CP003000.1_705,CP003000.1_706,CP142614.1_1662,CP142614.1_1663,CP142614.1_1664,CP142614.1_1665,CP142614.1_1666,CP142614.1_1667,CP142614.1_1668,CP142623.1_460,CP142623.1_461,CP142623.1_462,CP142623.1_463,CP142623.1_464,CP142623.1_465,CP142623.1_466,CP142623.1_467
PYGN01017693.1	4801	5835	intergenic	.	AP012548.1_1892,AP012548.1_1894,AP012548.1_1895,AP012548.1_1896,CP001429.2_1900,CP001429.2_1901,CP001429.2_1902,CP001429.2_1903,CP001487.1_2469,CP001487.1_2470,CP001487.1_2471,CP001487.1_2472,CP001487.1_2473,CP001487.1_2474,CP001487.1_2475,CP003000.1_756,CP003000.1_759,CP003000.1_760,CP142614.1_1608,CP142614.1_1610,CP142614.1_1611,CP142614.1_1612,CP142623.1_517,CP142623.1_518,CP142623.1_519,CP142623.1_520,CP142623.1_521,CP142623.1_522
PYGN01017898.1	0	1058	intergenic	.	AP012548.1_569,AP012548.1_570,AP012548.1_572,AP012548.1_573,AP012548.1_574,CP001429.2_581,CP001429.2_582,CP001429.2_584,CP001429.2_585,CP001487.1_3770,CP001487.1_3771,CP001487.1_3772,CP001487.1_3773,CP001487.1_3774,CP001487.1_3775,CP001487.1_3776,CP142614.1_286,CP142614.1_287,CP142614.1_289,CP142614.1_290,CP142614.1_291,CP142623.1_1840,CP142623.1_1841,CP142623.1_1842,CP142623.1_1843,CP142623.1_1844,CP142623.1_1845
PYGN01019346.1	0	1392	intergenic	.	AP012548.1_912,AP012548.1_913,AP012548.1_914,AP012548.1_915,AP012548.1_916,AP012548.1_917,AP012548.1_918,AP012548.1_919,AP012548.1_920,AP012548.1_921,CP001429.2_921,CP001429.2_922,CP001429.2_926,CP001429.2_927,CP001429.2_929,CP001487.1_3425,CP001487.1_3426,CP001487.1_3427,CP001487.1_3428,CP001487.1_3429,CP001487.1_3430,CP001487.1_3431,CP001487.1_3432,CP001487.1_3433,CP001487.1_3434,CP003000.1_1627,CP003000.1_1628,CP003000.1_1631,CP003000.1_1632,CP003000.1_1633,CP142614.1_630,CP142614.1_631,CP142614.1_632,CP142614.1_633,CP142614.1_634,CP142614.1_636,CP142614.1_637,CP142614.1_638,CP142614.1_639,CP142623.1_1493,CP142623.1_1494,CP142623.1_1496,CP142623.1_1497,CP142623.1_1499,CP142623.1_1501
PYGN01019675.1	0	1120	intergenic	.	AP012548.1_3304,AP012548.1_3305,AP012548.1_3307,AP012548.1_3310,CP001429.2_3339,CP001429.2_3341,CP001429.2_3342,CP001429.2_3343,CP001487.1_1020,CP001487.1_1021,CP001487.1_1022,CP001487.1_1023,CP001487.1_1024,CP001487.1_1025,CP001487.1_1026,CP001487.1_1027,CP003000.1_3067,CP003000.1_3069,CP003000.1_3072,CP142614.1_3034,CP142614.1_3036,CP142614.1_3037,CP142614.1_3039,CP142623.1_3315,CP142623.1_3317,CP142623.1_3318,CP142623.1_3320,CP142623.1_3321
PYGN01019929.1	0	1277	intergenic	.	AP012548.1_287,AP012548.1_289,CP001487.1_4066,CP001487.1_4067,CP001487.1_4068,CP001487.1_4069,CP001487.1_4070,CP001487.1_4071,CP001487.1_4072,CP001487.1_4073,CP001487.1_4074,CP003000.1_232,CP142614.1_5,CP142614.1_6,CP142623.1_2120
PYGN01019939.1	64	1018	intergenic	.	AP012548.1_944,AP012548.1_945,AP012548.1_946,AP012548.1_947,AP012548.1_949,CP142614.1_662,CP142614.1_663,CP142614.1_664,CP142614.1_665,CP142614.1_666,CP142614.1_668,CP142623.1_1463,CP142623.1_1465,CP142623.1_1467,CP142623.1_1468,CP142623.1_1469
PYGN01019939.1	1296	1544	intergenic	.	AP012548.1_940,AP012548.1_941,CP142614.1_659,CP142623.1_1472
PYGN01020241.1	5	1054	intergenic	.	AP012548.1_3545,AP012548.1_3546,AP012548.1_3547,AP012548.1_3549,AP012548.1_3550,CP001429.2_3589,CP001429.2_3591,CP001487.1_781,CP001487.1_782,CP001487.1_783,CP001487.1_784,CP001487.1_785,CP001487.1_786,CP001487.1_787,CP003000.1_3310,CP003000.1_3311,CP003000.1_3312,CP142614.1_3274,CP142614.1_3276,CP142614.1_3277,CP142614.1_3278,CP142614.1_3279,CP142623.1_3076,CP142623.1_3077,CP142623.1_3078,CP142623.1_3079,CP142623.1_3081,CP142623.1_3082
PYGN01020637.1	0	1220	intergenic	.	AP012548.1_44,AP012548.1_45,AP012548.1_46,AP012548.1_49,AP012548.1_50,CP001429.2_44,CP001429.2_45,CP001429.2_48,CP001429.2_49,CP001429.2_50,CP001429.2_51,CP001487.1_60,CP001487.1_61,CP001487.1_62,CP001487.1_63,CP001487.1_64,CP001487.1_65,CP001487.1_66,CP001487.1_67,CP001487.1_68,CP003000.1_44,CP003000.1_45,CP003000.1_47,CP003000.1_48,CP003000.1_49,CP142614.1_3985,CP142614.1_3986,CP142614.1_3989,CP142614.1_3990,CP142623.1_2359,CP142623.1_2360,CP142623.1_2361,CP142623.1_2364,CP142623.1_2365,CP142623.1_2366
PYGN01020924.1	0	1192	intergenic	.	AP012548.1_1455,AP012548.1_1456,AP012548.1_1457,AP012548.1_1458,AP012548.1_1459,AP012548.1_1460,AP012548.1_1461,CP001429.2_1464,CP001429.2_1466,CP001487.1_2902,CP001487.1_2903,CP001487.1_2904,CP001487.1_2905,CP001487.1_2906,CP001487.1_2907,CP001487.1_2908,CP001487.1_2909,CP003000.1_1127,CP003000.1_1128,CP003000.1_1129,CP003000.1_1130,CP142614.1_1172,CP142614.1_1173,CP142614.1_1175,CP142614.1_1176,CP142614.1_1177,CP142614.1_1178,CP142623.1_949,CP142623.1_951,CP142623.1_952,CP142623.1_953,CP142623.1_955,CP142623.1_956
PYGN01020971.1	0	1145	intergenic	.	AP012548.1_2500,AP012548.1_2501,AP012548.1_2502,AP012548.1_2503,AP012548.1_2505,AP012548.1_2506,CP001429.2_2515,CP001429.2_2516,CP001429.2_2517,CP001429.2_2519,CP001429.2_2520,CP001429.2_2521,CP001487.1_1862,CP001487.1_1863,CP001487.1_1864,CP001487.1_1865,CP001487.1_1866,CP001487.1_1867,CP001487.1_1868,CP001487.1_1869,CP003000.1_2251,CP003000.1_2252,CP003000.1_2253,CP142614.1_2218,CP142614.1_2219,CP142614.1_2220,CP142614.1_2221,CP142614.1_2223,CP142623.1_4117,CP142623.1_4118,CP142623.1_4120,CP142623.1_4121,CP142623.1_4122,CP142623.1_4123
PYGN01021018.1	12	1041	intergenic	.	AP012548.1_472,AP012548.1_473,AP012548.1_475,AP012548.1_478,CP001429.2_477,CP001429.2_480,CP001429.2_483,CP001487.1_3874,CP001487.1_3875,CP001487.1_3876,CP001487.1_3877,CP001487.1_3878,CP001487.1_3879,CP001487.1_3880,CP003000.1_2021,CP003000.1_2022,CP142614.1_190,CP142614.1_191,CP142614.1_192,CP142614.1_193,CP142614.1_194,CP142614.1_196,CP142623.1_1930,CP142623.1_1934,CP142623.1_1935,CP142623.1_1936
PYGN01021241.1	0	1087	intergenic	.	AP012548.1_3861,AP012548.1_3862,AP012548.1_3863,AP012548.1_3865,CP001429.2_3900,CP001429.2_3903,CP001429.2_3904,CP001487.1_464,CP001487.1_465,CP001487.1_466,CP001487.1_467,CP001487.1_468,CP001487.1_469,CP001487.1_470,CP001487.1_471,CP142614.1_3584,CP142614.1_3586,CP142614.1_3587,CP142614.1_3588,CP142623.1_2761,CP142623.1_2763,CP142623.1_2764,CP142623.1_2765
PYGN01021254.1	0	1162	intergenic	.	AP012548.1_1209,AP012548.1_1210,AP012548.1_1212,AP012548.1_1214,AP012548.1_1215,CP001429.2_1218,CP001429.2_1221,CP001487.1_3149,CP001487.1_3150,CP001487.1_3151,CP001487.1_3152,CP001487.1_3153,CP001487.1_3154,CP001487.1_3155,CP001487.1_3156,CP003000.1_1367,CP003000.1_1371,CP142614.1_927,CP142614.1_929,CP142614.1_932,CP142614.1_933,CP142623.1_1196,CP142623.1_1199,CP142623.1_1200,CP142623.1_1201,CP142623.1_1202
PYGN01021525.1	0	1154	intergenic	.	AP012548.1_1079,AP012548.1_1080,AP012548.1_1081,AP012548.1_1083,AP012548.1_1084,CP001429.2_1072,CP001487.1_3281,CP001487.1_3282,CP001487.1_3283,CP001487.1_3284,CP001487.1_3285,CP001487.1_3286,CP001487.1_3287,CP001487.1_3288,CP142614.1_798,CP142614.1_799,CP142614.1_800,CP142614.1_802,CP142614.1_803,CP142623.1_1328,CP142623.1_1329,CP142623.1_1330,CP142623.1_1332
PYGN01021776.1	6	1063	intergenic	.	AP012548.1_4081,AP012548.1_4082,AP012548.1_4084,AP012548.1_4086,CP001429.2_4121,CP001429.2_4122,CP001429.2_4124,CP001487.1_244,CP001487.1_245,CP001487.1_246,CP001487.1_247,CP001487.1_248,CP001487.1_249,CP001487.1_250,CP003000.1_3791,CP142614.1_3805,CP142614.1_3807,CP142614.1_3810,CP142623.1_2542,CP142623.1_2544,CP142623.1_2545
PYGN01022097.1	13	1213	intergenic	.	AP012548.1_746,AP012548.1_747,AP012548.1_749,AP012548.1_750,AP012548.1_751,AP012548.1_753,CP001429.2_761,CP001429.2_762,CP001429.2_763,CP001429.2_764,CP001429.2_765,CP001487.1_3594,CP001487.1_3595,CP001487.1_3596,CP001487.1_3597,CP001487.1_3598,CP001487.1_3599,CP001487.1_3600,CP001487.1_3601,CP003000.1_1792,CP003000.1_1793,CP003000.1_1794,CP003000.1_1795,CP003000.1_1796,CP142614.1_464,CP142614.1_465,CP142614.1_467,CP142614.1_468,CP142614.1_469,CP142614.1_471,CP142623.1_1661,CP142623.1_1663,CP142623.1_1664,CP142623.1_1665,CP142623.1_1668
PYGN01022356.1	2	1161	intergenic	.	AP012548.1_72,AP012548.1_73,AP012548.1_74,AP012548.1_75,AP012548.1_76,AP012548.1_77,AP012548.1_78,CP001429.2_172,CP001429.2_173,CP001429.2_176,CP001487.1_34,CP001487.1_35,CP001487.1_36,CP001487.1_37,CP001487.1_38,CP001487.1_39,CP001487.1_40,CP001487.1_41,CP003000.1_70,CP003000.1_72,CP003000.1_74,CP003000.1_75,CP003000.1_76,CP003000.1_77,CP142614.1_4012,CP142614.1_4013,CP142614.1_4014,CP142614.1_4015,CP142614.1_4016,CP142614.1_4017,CP142623.1_2333,CP142623.1_2334,CP142623.1_2335,CP142623.1_2337,CP142623.1_2338
PYGN01023030.1	0	1271	intergenic	.	AP012548.1_2783,AP012548.1_2784,AP012548.1_2785,AP012548.1_2786,AP012548.1_2787,AP012548.1_2788,AP012548.1_2789,AP012548.1_2790,CP001429.2_2816,CP001429.2_2818,CP001429.2_2819,CP001429.2_2820,CP001429.2_2822,CP001429.2_2823,CP001429.2_2824,CP001487.1_1534,CP001487.1_1535,CP001487.1_1536,CP001487.1_1537,CP001487.1_1538,CP001487.1_1539,CP001487.1_1540,CP001487.1_1541,CP001487.1_1542,CP003000.1_2573,CP003000.1_2574,CP003000.1_2575,CP003000.1_2576,CP003000.1_2578,CP003000.1_2579,CP142614.1_2502,CP142614.1_2504,CP142614.1_2505,CP142614.1_2506,CP142614.1_2507,CP142614.1_2508,CP142614.1_2509,CP142623.1_3832,CP142623.1_3833,CP142623.1_3835,CP142623.1_3836,CP142623.1_3838,CP142623.1_3839
PYGN01023646.1	0	1013	intergenic	.	AP012548.1_3986,AP012548.1_3988,AP012548.1_3990,AP012548.1_3991,AP012548.1_3992,CP001429.2_4026,CP001429.2_4027,CP001429.2_4030,CP001429.2_4031,CP001429.2_4032,CP001487.1_338,CP001487.1_339,CP001487.1_340,CP001487.1_341,CP001487.1_342,CP001487.1_343,CP001487.1_344,CP003000.1_3698,CP003000.1_3701,CP003000.1_3702,CP142614.1_3709,CP142614.1_3711,CP142614.1_3712,CP142614.1_3713,CP142614.1_3714,CP142614.1_3715,CP142623.1_2634,CP142623.1_2635,CP142623.1_2636,CP142623.1_2640
PYGN01023835.1	0	1005	intergenic	.	AP012548.1_1839,AP012548.1_1840,AP012548.1_1841,AP012548.1_1842,AP012548.1_1843,AP012548.1_1844,AP012548.1_1845,CP001429.2_1846,CP001429.2_1847,CP001429.2_1849,CP001429.2_1850,CP001429.2_1851,CP001429.2_1852,CP001487.1_2519,CP001487.1_2520,CP001487.1_2521,CP001487.1_2522,CP001487.1_2523,CP001487.1_2524,CP001487.1_2525,CP001487.1_2526,CP003000.1_808,CP003000.1_809,CP003000.1_810,CP003000.1_812,CP003000.1_813,CP142614.1_1555,CP142614.1_1556,CP142614.1_1557,CP142614.1_1558,CP142614.1_1559,CP142614.1_1560,CP142623.1_568,CP142623.1_569,CP142623.1_570,CP142623.1_571,CP142623.1_572,CP142623.1_573
PYGN01024091.1	0	1068	intergenic	.	AP012548.1_3174,AP012548.1_3175,AP012548.1_3176,CP001429.2_3209,CP001429.2_3212,CP001487.1_1151,CP001487.1_1152,CP001487.1_1153,CP001487.1_1154,CP001487.1_1155,CP001487.1_1156,CP001487.1_1157,CP001487.1_1158,CP003000.1_2948,CP142614.1_2901,CP142614.1_2902,CP142614.1_2903,CP142614.1_2904,CP142614.1_2905,CP142623.1_3444,CP142623.1_3445,CP142623.1_3446,CP142623.1_3447
